time,open,close,high,low,volume,amount
20240201,27.441,26.581,29.031,25.931,395848600.0,105220516.366
20240202,26.831,25.621,27.821,24.451,392418500.0,100541543.88499999
20240205,25.471,22.911,25.611,22.711,356200600.0,81609119.466
20240206,22.841,24.771,25.241,22.021,283462400.0,70216471.104
20240207,25.131,25.241,26.221,24.561,411055500.0,103754518.755
20240208,25.741,26.141,26.441,24.511,401113200.0,104855001.61199999
20240219,26.231,26.441,26.761,25.841,273757600.0,72384247.016
20240220,26.071,26.111,26.391,25.821,199645100.0,52129332.061000004
20240221,26.031,26.591,28.091,25.801,345672100.0,91917668.111
20240222,26.451,26.941,27.421,26.441,288898000.0,77832010.17999999
20240223,28.021,27.671,28.041,26.951,305696400.0,84589250.844
20240226,27.441,28.361,28.871,27.151,315377300.0,89444156.053
20240227,28.041,29.131,29.251,27.941,276740400.0,80617245.924
20240228,28.781,26.971,29.431,26.931,429284200.0,115782241.582
20240229,27.141,28.441,28.631,27.141,354721600.0,100886370.256
20240301,28.721,28.221,29.011,27.821,260618600.0,73549175.106
20240304,28.331,27.901,28.441,27.441,216348000.0,60363255.48
20240305,27.631,27.441,27.861,27.241,206019300.0,56533756.113
20240306,27.641,27.071,27.641,26.931,173687300.0,47018888.983
20240307,27.221,26.621,27.581,26.581,201543900.0,53653001.618999995
20240308,26.591,26.701,26.961,26.471,141006200.0,37650065.462
20240311,26.661,27.211,27.301,26.451,154015100.0,41909048.861
20240312,27.141,27.541,27.621,27.031,202734100.0,55834998.481
20240313,27.611,27.301,27.661,27.191,148114300.0,40436685.043
20240314,27.361,26.921,27.501,26.741,164098500.0,44176957.185
20240315,26.751,27.091,27.141,26.401,165129200.0,44735151.572000004
20240318,27.261,28.221,28.381,27.251,326312900.0,92088763.509
20240319,28.211,27.691,28.211,27.681,157953800.0,43738986.758
20240320,27.691,27.931,28.191,27.541,153102800.0,42763143.068
20240321,27.931,27.451,28.221,27.361,156720200.0,43021262.102
20240322,27.331,26.991,27.611,26.681,158344500.0,42738763.995
20240325,26.961,25.741,26.961,25.691,207606600.0,53440014.905999996
20240326,25.861,25.331,25.861,25.071,145361500.0,36821521.565
20240327,25.241,24.241,25.371,24.161,128855900.0,31235958.719
20240328,24.341,25.291,25.531,24.341,182691000.0,46204380.81
20240329,25.321,25.491,25.761,25.101,150750500.0,38427809.955
20240401,25.761,26.541,26.681,25.441,203255700.0,53946095.337
20240402,26.441,26.701,26.981,26.101,150912100.0,40295039.821
20240403,26.751,26.621,27.411,26.481,169177900.0,45036848.758999996
20240408,26.701,27.431,28.421,26.701,488739700.0,134066187.10700001
20240409,27.541,30.191,30.591,27.101,923121700.0,278699672.44699997
20240410,30.321,31.871,31.941,29.191,1142956100.0,364271538.631
20240411,30.441,29.771,31.241,29.641,804310400.0,239451249.18400002
20240412,28.991,27.851,29.641,27.771,658058100.0,183275761.431
20240415,27.441,28.511,29.411,26.041,631050300.0,179918751.033
20240416,28.011,26.041,28.311,25.951,432234100.0,112558081.981
20240417,26.341,27.691,27.791,26.341,373129300.0,103323234.463
20240418,27.701,27.731,28.561,27.551,356302700.0,98806301.737
20240419,27.691,26.731,27.691,26.541,341368500.0,91251213.735
20240422,26.931,27.421,27.971,26.121,306270400.0,83982406.384
20240423,27.241,27.251,27.691,26.971,200276600.0,54577376.266
20240424,27.611,28.171,28.181,27.251,251466500.0,70840627.715
20240425,28.141,28.441,28.621,27.711,280322300.0,79726465.343
20240426,28.441,28.611,28.871,28.141,299061100.0,85564371.321
20240429,28.741,29.291,29.391,28.681,292435200.0,85657194.432
20240430,29.431,29.291,29.921,28.941,304049700.0,89059197.627
20240506,29.941,30.251,30.621,29.471,349679200.0,105781454.79200001
20240507,30.241,29.721,30.291,29.641,277274000.0,82408605.54
20240508,29.691,29.011,29.711,29.011,258883500.0,75104692.185
20240509,28.931,29.461,29.641,28.931,203564900.0,59972255.188999996
20240510,29.391,28.891,29.711,28.741,207145400.0,59846377.514
20240513,28.441,28.051,28.741,27.921,179040700.0,50222706.757
20240514,28.231,28.231,28.691,28.201,122682300.0,34634440.113000005
20240515,28.231,27.771,28.331,27.741,133859200.0,37174038.432000004
20240516,27.951,27.811,28.141,27.671,119883700.0,33340855.807
20240517,27.821,28.411,28.411,27.541,158924600.0,45152068.106
20240520,28.791,28.511,28.921,28.401,173010600.0,49327052.166
20240521,28.541,28.061,28.541,27.921,111447700.0,31273339.097
20240522,28.181,28.361,28.391,27.941,115319800.0,32705848.478
20240523,28.361,28.031,28.541,27.911,143788900.0,40305466.559
20240524,28.021,27.081,28.131,27.081,138848300.0,37601508.122999996
20240527,27.321,28.161,28.161,26.951,202631200.0,57062972.232
20240528,28.261,28.111,28.921,28.041,207155900.0,58233595.049
20240529,28.001,28.391,28.481,27.851,141229300.0,40096410.563
20240530,28.321,28.741,28.891,28.031,224981200.0,64661846.692
20240531,28.541,28.811,29.181,28.541,194001500.0,55893772.165
20240603,29.141,28.531,29.521,28.341,233760800.0,66694293.848
20240604,28.451,29.731,29.731,28.331,284093800.0,84463927.678
20240605,29.441,29.241,30.091,29.071,253029200.0,73988268.372
20240606,29.491,28.601,29.651,28.351,257730300.0,73713443.103
20240607,28.921,28.811,29.161,28.501,159371900.0,45916638.109
20240611,27.941,29.031,29.081,27.151,335299600.0,97340826.876
20240612,28.881,29.691,30.021,28.721,304383000.0,90374356.53
20240613,29.651,30.511,31.181,29.551,435422200.0,132851667.442
20240614,30.251,30.271,30.981,30.131,352994700.0,106855025.63700001
20240617,29.991,30.141,30.931,29.971,265580400.0,80048588.364
20240618,30.161,30.001,30.501,29.741,197090700.0,59129180.907000005
20240619,30.311,29.491,30.311,29.361,174290200.0,51399922.882
20240620,29.451,29.911,30.981,29.451,351261900.0,105065946.90900001
20240621,29.631,30.441,30.921,29.361,322237700.0,98092378.257
20240624,30.631,29.341,30.911,29.261,285757100.0,83843990.71100001
20240625,29.301,28.271,29.341,28.151,213946100.0,60484701.931
20240626,28.221,29.831,29.881,27.911,275786100.0,82269751.491
20240627,29.631,28.991,29.881,28.871,176303200.0,51112060.712
20240628,28.881,29.481,30.121,28.741,204526400.0,60296427.984000005
20240701,29.601,29.401,29.621,28.621,167842600.0,49347402.826
20240702,29.511,28.971,29.531,28.791,112635200.0,32631543.792
20240703,28.981,28.911,29.381,28.631,118383800.0,34225940.418000005
20240704,29.211,28.111,29.211,28.091,136399000.0,38343122.89
20240705,27.851,28.241,28.431,27.311,133719000.0,37763582.79
20240708,28.041,27.421,28.611,27.381,162347700.0,44517362.817
20240709,27.331,28.441,28.511,27.241,143633800.0,40850889.058
20240710,28.411,28.551,28.871,28.311,113894000.0,32517875.939999998
20240711,29.191,29.421,29.551,28.831,141059800.0,41501203.758
20240712,29.321,29.301,29.651,29.141,115945200.0,33973103.052
20240715,29.411,28.931,29.571,28.861,121514500.0,35155359.995000005
20240716,28.831,29.141,29.191,28.531,124843500.0,36380644.335
20240717,29.161,28.791,29.441,28.761,134437500.0,38705900.625
20240718,28.631,29.181,29.251,28.231,176645000.0,51546777.45
20240719,28.841,29.551,30.031,28.841,231132800.0,68302053.728
20240722,29.571,29.601,30.071,29.291,168013000.0,49733528.129999995
20240723,29.631,28.411,29.911,28.341,162420900.0,46145401.899000004
20240724,28.311,27.371,28.531,27.131,246208800.0,67389810.648
20240725,27.331,27.171,27.591,26.901,121339400.0,32969128.373999998
20240726,27.031,27.811,27.881,27.031,124994500.0,34762220.395
20240729,27.711,27.851,28.111,27.711,88771900.0,24723861.869
20240730,27.851,27.731,28.151,27.481,74113300.0,20552359.223
20240731,27.731,28.931,28.981,27.431,163895400.0,47416578.174
20240801,28.801,29.431,29.661,28.801,179570200.0,52849305.562
20240802,29.191,28.641,29.521,28.641,100343900.0,28739496.398999996
20240805,28.441,27.071,28.731,27.051,254269500.0,68833296.345
20240806,27.431,27.541,27.611,27.061,140161700.0,38601933.797
20240807,27.351,27.311,27.721,27.291,91813800.0,25075266.918
20240808,27.291,27.131,27.551,26.801,90880000.0,24656652.8
20240809,27.161,27.101,27.671,27.081,66595600.0,18048073.555999998
20240812,27.231,27.281,27.471,26.831,81674900.0,22281729.469
20240813,27.291,27.421,27.491,27.091,52049600.0,14272520.816
20240814,27.781,26.871,27.781,26.811,70328900.0,18898078.719
20240815,26.871,27.021,27.311,26.551,76553700.0,20685575.277
20240816,26.951,26.541,27.091,26.521,106288500.0,28210030.785
20240819,26.251,26.511,26.911,26.241,56955700.0,15099525.627
20240820,26.621,26.041,26.621,26.011,54065900.0,14079301.019
20240821,26.031,25.961,26.171,25.631,49757900.0,12917648.419
20240822,26.001,25.841,26.111,25.751,53555100.0,13839173.391
20240823,25.841,25.901,25.981,25.321,54799200.0,14193540.792
20240826,26.081,25.851,26.221,25.721,64306600.0,16623899.166
20240827,25.611,25.061,25.801,24.971,86602700.0,21703502.647
20240828,24.931,25.361,25.461,24.831,75242200.0,19082174.342
20240829,25.201,25.881,25.971,25.151,75468600.0,19532028.366
20240830,25.751,26.291,26.671,25.751,105725400.0,27796264.914
20240902,26.301,25.491,26.461,25.431,82014000.0,20906188.74
20240903,26.401,26.231,26.931,26.121,217540500.0,57063048.55500001
20240904,25.941,26.121,26.421,25.681,123241200.0,32191833.851999998
20240905,26.151,25.631,26.491,25.431,136660300.0,35027401.493
20240906,25.531,24.931,25.631,24.931,93566300.0,23327014.253000002
20240909,24.931,24.781,25.071,24.671,50939000.0,12623193.59
20240910,24.781,25.051,25.181,24.431,80312800.0,20119159.527999997
20240911,24.751,25.071,25.141,24.741,49542900.0,12420900.459
20240912,25.071,24.951,25.281,24.821,63305100.0,15795255.501
20240913,24.851,24.811,25.161,24.751,61944200.0,15368975.462
20240918,24.721,24.881,25.011,24.441,59556900.0,14818352.289
20240919,25.041,24.831,25.311,24.461,107199700.0,26618757.507
20240920,24.831,24.681,24.981,24.551,58788800.0,14509663.728
20240923,24.621,24.511,24.811,24.241,51248100.0,12561421.791
20240924,24.641,25.471,25.611,24.531,129417800.0,32964007.838
20240925,25.631,25.571,26.301,25.531,147048700.0,37601823.077
20240926,25.561,26.461,26.491,25.411,144902800.0,38342729.908
20240927,26.911,27.881,27.981,26.681,148751500.0,41473405.715
20240930,29.131,31.131,31.531,28.411,955856300.0,297567624.753
20241008,37.221,36.061,37.221,33.251,1355750900.0,488897332.049
20241009,34.631,32.441,35.791,32.431,892964000.0,289686451.24
20241010,32.801,33.991,36.571,32.051,915921300.0,311330809.083
20241011,32.631,30.631,32.981,30.041,699155000.0,214158168.05
20241014,30.631,31.381,31.431,29.751,499685600.0,156806338.136
20241015,31.021,30.161,31.481,30.141,412695300.0,124473029.433
20241016,29.751,29.141,30.191,29.051,391385800.0,114053735.978
20241017,29.531,29.161,29.911,29.131,290094000.0,84594311.34
20241018,29.131,31.401,32.411,29.061,766230200.0,240603945.102
20241021,32.181,32.631,33.481,31.431,723360800.0,236039862.648
20241022,32.701,31.981,32.741,31.591,529915300.0,169472212.093
20241023,31.761,31.901,32.701,31.461,355605400.0,113441678.654
20241024,31.801,31.951,32.181,31.471,309855500.0,99001930.805
20241025,31.801,32.331,32.831,31.781,364464400.0,117834985.164
20241028,32.331,32.581,32.821,31.951,296455300.0,96588101.29300001
20241029,32.821,32.591,33.221,32.301,449182100.0,146392938.211
20241030,32.391,31.701,32.451,31.401,347465300.0,110149974.753
20241031,31.421,31.871,32.031,31.051,426316300.0,135871267.973
20241101,31.821,30.731,32.001,30.691,339575500.0,104354946.905
20241104,30.731,31.151,31.351,30.631,184233000.0,57390421.83
20241105,31.091,32.741,32.801,31.071,509677500.0,166873510.275
20241106,33.081,32.931,33.961,32.661,448621000.0,147735381.51
20241107,32.921,33.631,33.751,32.651,409709300.0,137789334.683
20241108,34.211,34.311,35.281,33.431,480935000.0,165013607.85
20241111,34.631,35.871,35.931,34.431,751937900.0,269727644.109
20241112,35.871,35.311,36.461,34.931,623716800.0,220240639.248
20241113,34.841,35.201,35.541,34.311,411256600.0,144766435.766
20241114,35.201,33.611,35.201,33.581,390068500.0,131105923.53499998
20241115,33.341,32.061,34.021,31.951,364144000.0,116748207.84
20241118,32.511,31.171,32.521,30.981,360158600.0,112265037.206
20241119,31.171,32.151,32.181,30.931,288925300.0,92892373.20300001
20241120,32.141,33.431,34.291,31.631,505124100.0,168868037.871
20241121,33.431,32.641,33.431,32.181,356208300.0,116269951.203
20241122,32.621,30.821,32.891,30.781,351270800.0,108265173.268
20241125,31.011,31.061,31.231,30.361,252953200.0,78569793.452
20241126,31.071,30.331,31.261,30.241,208975600.0,63384389.236
20241127,30.261,30.891,30.901,29.531,262454200.0,81074726.92199999
20241128,30.791,30.671,31.261,30.631,285033700.0,87422686.127
20241129,30.481,31.351,31.681,30.261,276308600.0,86625509.186
20241202,31.291,31.831,31.891,30.931,409643600.0,130393654.316
20241203,31.781,31.651,32.011,31.481,234588500.0,74249606.135
20241204,31.951,31.031,32.231,30.991,277941500.0,86248026.865
20241205,30.921,30.891,31.381,30.711,192670000.0,59517689.699999996
20241206,30.901,31.591,31.711,30.471,254611400.0,80434287.374
20241209,31.581,31.441,31.881,31.041,262700300.0,82595601.323
20241210,33.191,31.981,33.281,31.881,380818100.0,121789436.561
20241211,32.361,32.761,33.121,31.981,333864100.0,109377217.80100001
20241212,32.841,33.091,33.361,32.611,416095100.0,137690029.541
20241213,32.991,32.451,34.301,32.451,960030800.0,311539594.908
20241216,32.981,31.861,33.291,31.681,377930400.0,120412404.744
20241217,31.971,31.391,32.211,31.271,241041800.0,75665431.438
20241218,31.671,32.151,32.711,31.361,307468100.0,98854068.83100002
20241219,31.711,32.001,32.181,31.281,231670600.0,74136908.706
20241220,31.891,32.251,32.831,31.631,296042600.0,95476698.926
20241223,32.181,31.301,32.341,31.301,290686700.0,90987843.967
20241224,31.101,30.961,31.811,30.551,296912300.0,91927017.203
20241225,30.901,30.131,30.901,29.831,303562600.0,91466447.006
20241226,30.171,29.971,30.771,29.931,233879200.0,70095935.032
20241227,29.971,29.511,30.271,29.461,357009700.0,105357132.567
20241230,29.441,29.641,29.691,29.141,187105500.0,55459941.254999995
20241231,29.611,28.671,29.691,28.671,272191300.0,78039967.623
20250102,28.631,27.621,28.981,27.461,248768700.0,68712402.627
20250103,27.681,27.091,27.931,26.941,216132800.0,58552536.848000005
20250106,26.991,27.111,27.391,26.911,157592600.0,42724929.786
20250107,27.111,27.301,27.481,26.851,161203400.0,44010140.234
20250108,27.851,27.201,27.851,26.481,220755100.0,60047594.751
20250109,26.831,26.931,27.351,26.821,177828500.0,47890993.335
20250110,27.011,26.331,27.311,26.311,218054700.0,57415983.057
20250113,26.101,26.791,26.841,26.031,172858500.0,46310520.735
20250114,26.771,27.681,27.771,26.771,263987900.0,73074490.599
20250115,27.561,27.311,27.931,27.131,191531800.0,52309249.898
20250116,27.431,27.381,27.881,27.121,195352400.0,53489440.644
20250117,27.331,27.631,27.821,27.151,184505300.0,50980659.443
20250120,27.771,27.741,28.181,27.691,149882200.0,41578821.102
20250121,27.751,27.711,28.081,27.471,138577200.0,38401127.892
20250122,27.531,27.651,28.021,27.391,125443200.0,34686299.232
20250123,27.901,27.781,28.381,27.781,210569300.0,58498257.232999995
20250124,27.731,28.041,28.121,27.671,129038300.0,36183629.703
20250127,28.201,27.831,28.311,27.831,122909700.0,34206998.607
20250205,28.191,27.851,28.191,27.711,145118100.0,40416842.030999996
20250206,27.871,28.331,28.361,27.421,315596900.0,89411757.739
20250207,28.331,28.631,28.811,28.111,381300000.0,109170003.0
20250210,28.641,28.591,28.731,28.291,284125100.0,81234207.341
20250211,28.591,28.071,28.621,27.891,275065600.0,77213664.576
20250212,27.961,28.441,28.491,27.931,268832700.0,76458708.207
20250213,28.631,29.381,30.421,28.371,748228900.0,219837133.109
20250214,29.511,29.181,29.731,28.821,520363500.0,151847272.935
20250217,29.481,29.191,29.951,28.861,467152400.0,136366457.084
20250218,29.211,28.711,29.701,28.651,343119600.0,98513068.35599999
20250219,28.621,29.491,29.531,28.511,352856900.0,104061028.379
20250220,29.601,29.571,29.791,29.291,334327200.0,98863896.312
20250221,29.451,29.821,30.161,29.331,465626700.0,138854538.20700002
20250224,29.831,29.771,29.861,29.431,328797800.0,97886393.038
20250225,29.511,29.401,29.911,29.231,302863800.0,89044985.838
20250226,29.411,29.821,29.871,29.331,324688900.0,96825476.869
20250227,29.881,29.871,30.111,29.391,325090100.0,97107663.771
20250228,29.531,28.991,29.901,28.931,339613900.0,98457465.749
20250303,29.181,30.231,31.131,29.131,688090100.0,208016518.131
20250304,29.611,30.271,30.491,29.521,532975200.0,161336922.792
20250305,30.271,29.981,30.611,29.681,333494800.0,99985075.988
20250306,29.991,30.101,30.431,29.921,446970500.0,134542590.20499998
20250307,30.101,29.811,30.331,29.681,328019300.0,97785833.523
20250310,29.781,29.861,30.101,29.661,237317000.0,70865229.37
20250311,29.491,30.081,30.261,29.491,257902100.0,77579530.701
20250312,30.131,29.841,30.191,29.801,212101500.0,63293208.615
20250313,29.881,29.341,29.951,29.031,306982100.0,90071617.96100001
20250314,29.331,29.731,29.751,29.031,237767400.0,70690625.694
20250317,29.821,29.841,30.061,29.631,187335200.0,55902697.032000005
20250318,29.841,29.781,30.131,29.641,178013400.0,53014170.654
20250319,29.741,29.421,29.771,29.231,171022600.0,50316559.146
20250320,29.501,29.221,29.531,29.131,159315200.0,46553494.592
20250321,29.131,28.871,29.531,28.811,273929900.0,79086301.42899999
20250324,28.651,28.291,28.981,27.911,288541900.0,81631388.929
20250325,28.441,28.331,28.601,27.991,144653500.0,40981783.085
20250326,28.361,28.191,28.511,28.181,152220600.0,42912509.346
20250327,28.181,28.831,29.131,27.701,309816700.0,89323252.777
20250328,28.791,28.271,29.221,28.231,228746400.0,64668894.744
20250331,28.271,28.181,28.451,27.921,182728300.0,51494662.223000005
20250401,28.181,28.641,29.011,28.181,211749600.0,60647202.936
20250402,29.011,29.001,29.441,28.671,231311900.0,67082764.119
20250403,28.631,28.681,29.061,28.251,276615600.0,79336120.236
20250407,27.491,24.871,28.001,23.911,518216800.0,128885700.328
20250408,24.951,26.241,26.631,24.951,452117900.0,118640258.139
20250409,25.871,27.631,27.881,25.201,513000000.0,141747030.0
20250410,27.841,27.381,28.311,27.331,405321600.0,110981107.296
20250411,27.581,27.931,28.311,27.421,344662800.0,96267766.668
20250414,28.031,27.861,28.231,27.791,233327900.0,65007486.219000004
20250415,27.831,27.621,27.941,27.281,193022600.0,53314772.346
20250416,27.481,27.441,27.771,26.961,149225200.0,40948887.132
20250417,27.261,27.601,27.951,27.141,178676800.0,49316583.567999996
20250418,27.611,27.161,27.691,26.961,138199800.0,37536447.678
20250421,27.211,27.311,27.491,27.001,116387100.0,31786480.881
20250422,27.331,27.331,27.611,26.941,190959600.0,52191168.276
20250423,27.601,27.431,27.821,27.261,186173900.0,51069362.509
20250424,27.351,27.181,27.451,26.961,144894400.0,39383746.864
20250425,27.071,27.141,27.321,26.991,121344100.0,32934002.180999998
20250428,27.051,27.131,27.351,27.011,160364000.0,43508356.84
20250429,27.231,27.381,27.491,27.031,144274600.0,39503828.226
20250430,27.331,27.521,27.631,27.321,177498900.0,48849472.269
20250506,27.631,27.861,27.961,27.541,179968700.0,50141079.507
20250507,28.131,28.001,28.411,27.871,261481400.0,73217406.81400001
20250508,28.001,28.101,28.301,27.861,169439100.0,47614081.491
20250509,28.091,27.831,28.371,27.631,174322100.0,48515583.651
20250512,28.001,28.511,29.221,28.001,373127100.0,106382267.48099999
20250513,28.731,28.251,28.821,28.161,216562700.0,61181128.377000004
20250514,28.321,28.161,28.471,27.991,176852300.0,49803376.203
20250515,28.111,28.021,28.291,27.931,172494300.0,48334627.803
20250516,28.081,27.871,28.201,27.771,139986600.0,39015665.286
20250519,27.861,27.911,28.001,27.571,142067700.0,39652515.747
20250520,27.971,28.021,28.031,27.781,125711600.0,35225647.436000004
20250521,27.931,27.991,28.111,27.811,137526300.0,38494986.633
20250522,27.831,27.771,28.201,27.641,144803100.0,40213268.901
20250523,27.741,27.471,27.911,27.381,145321800.0,39921351.678
20250526,27.451,27.631,27.731,27.341,82425400.0,22774962.274
20250527,27.481,27.801,27.851,27.481,105937600.0,29451712.176
20250528,27.831,27.761,27.911,27.711,114075500.0,31668499.555
20250529,27.781,27.991,28.041,27.701,172930900.0,48405088.219
20250530,28.111,27.901,28.121,27.861,124209600.0,34655720.496
20250603,27.701,28.121,28.151,27.701,173767000.0,48865018.07
20250604,28.181,28.121,28.191,27.971,150144000.0,42221994.239999995
20250605,28.261,28.161,28.261,27.981,152227900.0,42868898.919
20250606,28.161,28.331,28.341,28.041,147258500.0,41719805.635
20250609,28.331,28.571,28.621,28.131,178330800.0,50950892.868
20250610,28.651,28.391,28.681,28.051,186359300.0,52909268.863
20250611,28.481,28.251,28.681,28.211,199665200.0,56407415.652
20250612,28.241,27.901,28.361,27.781,260934500.0,72803334.845
20250613,27.811,27.421,28.101,27.141,431551900.0,118335846.499
20250616,27.311,27.571,27.681,27.261,166230800.0,45831493.868
20250617,27.621,27.401,27.691,27.331,140570000.0,38517585.7
20250618,27.281,27.531,27.731,27.211,151571200.0,41729067.072
20250619,27.621,27.371,27.721,27.261,153656500.0,42057320.614999995
20250620,27.481,27.531,27.861,27.291,166677700.0,45888037.587
20250623,27.481,27.541,27.611,27.261,229499200.0,63206374.672
20250624,27.621,27.861,27.901,27.551,295678500.0,82378986.885
20250625,27.861,28.151,28.161,27.761,363460500.0,102317765.355
20250626,28.231,28.031,28.831,28.011,551791900.0,154672787.489
20250627,28.191,28.011,28.351,27.941,393031300.0,110091997.443
20250630,28.061,28.541,28.921,27.981,467380800.0,133395154.128
20250701,28.541,29.711,30.231,28.341,1125990000.0,334542888.9
20250702,29.701,29.191,29.891,29.031,651125800.0,190070132.278
20250703,29.144,29.134,29.514,29.014,414401400.0,120731703.876
20250704,29.154,28.614,29.254,28.544,466806200.0,133571926.068
20250707,28.484,29.454,30.094,28.404,814393200.0,239871373.128
20250708,29.194,29.444,29.704,28.964,570093600.0,167858359.584
20250709,29.424,29.024,29.534,28.924,440015200.0,127710011.648
20250710,29.024,28.994,29.094,28.804,331986700.0,96256223.798
20250711,28.904,29.284,29.494,28.824,477780200.0,139913153.768
20250714,29.194,29.554,29.884,29.194,527545500.0,155910797.07
20250715,29.594,29.254,29.744,29.064,379789500.0,111103620.33
20250716,29.404,29.364,29.724,29.254,336363400.0,98769748.77600001
20250717,29.234,29.684,29.754,29.234,342971200.0,101807571.008
20250718,29.804,29.694,29.904,29.524,304187100.0,90325317.47399999
20250721,29.804,29.824,29.964,29.614,368020900.0,109758553.216
20250722,29.744,29.834,30.154,29.674,473837300.0,141364620.082
20250723,29.834,29.524,29.854,29.434,437131200.0,129058615.488
20250724,29.444,29.894,29.894,29.444,445665600.0,133227274.46399999
20250725,29.984,30.194,30.394,29.824,453173900.0,136831327.366
20250728,30.194,30.134,30.314,29.974,357194800.0,107637081.032
20250729,30.184,30.224,30.404,29.974,408754300.0,123541899.632
20250730,30.204,30.134,30.714,29.804,458516200.0,138169271.708
20250731,29.904,29.474,30.164,29.314,545435400.0,160761629.796
20250801,29.334,29.514,29.804,29.334,282969200.0,83515529.688
20250804,29.484,30.134,30.304,29.344,335354700.0,101055785.29800001
20250805,30.214,30.254,30.374,30.114,324903200.0,98296214.128
20250806,31.484,32.754,34.364,31.114,1873497300.0,613645305.642
20250807,32.754,32.204,33.194,32.124,1101470700.0,354717624.228
20250808,33.604,34.574,36.004,33.604,2231317600.0,771455747.0239999
20250811,36.284,34.994,37.684,34.664,2160569000.0,756069515.86
20250812,35.804,37.184,37.784,34.504,2328887000.0,865973342.0799999
20250813,41.234,44.664,44.664,41.234,3104024000.0,1386381279.3600001
20250814,46.424,40.434,46.424,40.434,3810630900.0,1540790498.106
20250815,39.824,41.744,42.304,39.314,2537174000.0,1059117914.56
20250818,41.364,40.244,41.604,39.064,2296496900.0,924202212.436
20250819,39.884,39.384,41.314,39.384,1428387400.0,562556093.616
20250820,38.904,40.084,40.284,38.294,1326721600.0,531803086.14400005
20250821,40.084,39.454,40.384,39.264,878971300.0,346789336.702
20250822,39.354,41.254,42.384,39.354,1511563000.0,623580200.02
20250825,41.804,41.744,43.904,41.524,1967128300.0,821158037.552
20250826,41.904,42.164,42.994,40.724,1061757200.0,447679305.808
20250827,42.124,41.804,44.364,41.734,1349951800.0,564333850.472
20250828,42.094,42.984,43.304,41.754,1188646300.0,510927725.592
20250829,42.984,42.614,43.004,41.394,1051652500.0,448151196.34999996
20250901,42.604,43.104,43.804,42.154,855257000.0,368649977.28
20250902,42.584,40.354,43.094,39.914,1320147600.0,532732362.504
20250903,40.614,40.614,41.714,39.764,868420800.0,352700423.71199995
20250904,40.594,38.694,41.084,38.154,795489800.0,307806823.212
20250905,38.894,39.544,39.734,38.684,438129400.0,173253889.936
20250908,39.794,40.334,40.534,38.784,579215400.0,233620739.43600002
20250909,40.134,38.714,40.294,38.614,456848200.0,176864212.148
20250910,38.974,39.114,39.514,38.634,406067000.0,158829046.38
20250911,38.834,40.054,40.354,38.834,454137300.0,181900154.14200002
20250912,40.094,40.134,41.134,39.804,549065500.0,220361947.77
20250915,40.314,40.154,40.784,39.694,444531900.0,178497339.12600002
20250916,40.464,41.104,41.444,39.814,551593000.0,226726786.72
20250917,40.974,42.014,42.204,40.804,702385200.0,295100117.92800003
20250918,41.594,41.894,43.304,41.304,877926400.0,367798486.016
20250919,41.764,42.864,44.784,41.604,1028232000.0,440741364.47999996
20250922,43.024,42.074,43.604,41.704,683103100.0,287408798.29399997
20250923,42.354,43.264,43.684,40.324,685864600.0,296732460.544
20250924,42.694,45.734,46.604,42.504,1331793200.0,609082302.088
20250925,45.004,44.904,46.204,44.814,642024900.0,288294861.096
20250926,44.704,43.804,46.484,43.704,694586300.0,304256582.852
20250929,44.154,43.594,44.704,43.304,536718600.0,233977106.484
20250930,43.574,43.764,44.384,43.304,449600500.0,196763162.82000002
20251009,43.924,44.154,45.474,43.904,558258300.0,246493369.782
20251010,43.804,42.734,44.494,42.264,615968200.0,263227850.588
20251013,39.204,43.604,44.004,39.204,715962400.0,312188244.89599997
20251014,43.554,41.444,43.864,41.434,584159500.0,242099063.18
20251015,41.454,42.064,42.364,40.464,448474600.0,188646355.744
20251016,42.544,40.724,42.544,40.724,268712200.0,109430356.328
20251017,40.724,39.224,41.054,39.104,367102900.0,143992441.496
20251020,39.724,39.034,40.284,38.514,275999300.0,107733566.762
20251021,39.174,39.834,39.994,39.174,330484500.0,131645195.73
20251022,39.354,39.304,39.794,38.924,251355400.0,98792726.41600001
20251023,39.304,39.314,39.574,38.484,261086000.0,102643350.04
20251024,39.564,40.284,40.444,39.564,388074800.0,156332052.43199998
20251027,40.304,38.694,41.294,37.494,1083087700.0,419089954.638
20251028,38.504,44.804,45.184,38.014,1149189600.0,514882908.384
20251029,47.804,47.004,52.204,46.824,2666245300.0,1253241940.812
20251030,46.804,48.614,51.804,46.804,2463119400.0,1197420865.116
20251031,48.154,45.684,49.504,45.684,1671777400.0,763734787.416
20251103,44.934,46.684,48.304,43.014,1656890700.0,773502854.388
20251104,46.194,45.704,47.154,44.884,950296000.0,434323283.84000003
20251105,43.784,45.314,46.704,43.384,1021996500.0,463107494.01
20251106,45.304,44.554,46.094,44.184,893352400.0,398024228.296
20251107,43.904,45.794,47.274,43.614,1192305800.0,546004518.0519999
20251110,46.214,45.254,47.084,44.854,1108282500.0,501542162.54999995
20251111,45.704,44.404,45.994,44.104,827275400.0,367343368.61600006
20251112,44.104,43.284,44.404,42.244,788818200.0,341432069.68799996
20251113,43.004,44.154,45.794,42.794,834134300.0,368303658.822
20251114,43.774,41.824,43.774,41.814,755209100.0,315858653.98399997
20251117,42.904,43.044,45.604,42.904,949913200.0,408880637.80799997
20251118,43.064,43.294,45.004,42.044,903237300.0,391047556.662
20251119,42.804,43.934,44.904,42.804,881470700.0,387265337.338
20251120,44.574,41.554,44.594,41.364,818014800.0,339917869.99200004
20251121,40.304,40.104,42.504,39.804,756913900.0,303552750.456
20251124,40.304,40.604,41.204,39.824,531206200.0,215690965.44799998
20251125,40.594,39.874,40.914,39.694,664867600.0,265109306.824
20251126,39.734,39.324,40.034,39.074,431501300.0,169683571.21199998
20251127,39.324,39.314,40.264,39.274,376760100.0,148119465.714
20251128,39.304,40.064,40.144,38.904,377775200.0,151351856.128
20251201,39.804,40.524,40.864,39.714,555332500.0,225042942.3
20251202,40.154,39.794,40.494,39.504,359393100.0,143016890.214
20251203,39.704,39.344,39.784,39.024,289380100.0,113853706.544
20251204,39.034,38.944,39.444,38.504,290405200.0,113095401.08800001
20251205,39.194,39.604,39.784,38.524,300370700.0,118958812.028
20251208,39.654,40.024,40.434,39.654,404800000.0,162017152.0
20251209,39.854,39.714,40.294,39.304,316576000.0,125724992.64
20251210,39.714,39.634,39.734,39.064,328300500.0,130118620.17
20251211,40.094,39.144,40.404,39.064,407584400.0,159544837.53599998
20251212,39.004,39.594,39.954,38.684,497569900.0,197007826.206
20251215,39.234,40.034,41.004,39.214,665844300.0,266564107.062
20251216,39.974,41.274,42.654,39.974,1083423900.0,447172380.486
20251217,41.204,41.404,41.774,39.714,847723200.0,350991313.72800004
20251218,41.024,40.514,41.574,40.454,524824000.0,212627195.36
20251219,40.514,40.174,40.774,39.854,482684400.0,193913630.856
20251222,40.194,40.454,41.004,39.924,479872600.0,194127661.604
20251223,40.454,40.784,41.504,40.364,581671800.0,237229026.912
20251224,40.944,41.534,41.974,40.584,618700600.0,256971107.204
20251225,41.604,41.574,41.804,41.124,377737400.0,157040546.676
20251226,41.624,41.324,41.754,41.254,392247500.0,162092356.9
20251229,41.184,40.254,41.244,40.234,473802600.0,190724498.604
20251230,40.144,39.924,40.604,39.854,375415300.0,149880804.372
20251231,40.054,40.204,40.794,39.914,352805100.0,141841762.404
20260105,40.394,41.984,42.034,40.394,693798700.0,291284446.208
20260106,42.104,42.374,43.004,41.814,594465100.0,251898641.474
20260107,43.194,44.594,45.204,43.014,1371930800.0,611798820.952
20260108,46.014,45.304,48.304,44.684,1460796000.0,661799019.84
20260109,45.084,44.464,45.244,43.864,1043455400.0,463962009.056
20260112,44.394,45.084,45.274,43.924,937574900.0,422696267.916
20260113,44.824,43.384,45.204,43.314,761505500.0,330371546.12
20260114,43.384,43.164,44.444,42.724,699276500.0,301835708.46000004
20260115,42.824,44.864,45.204,42.574,878868600.0,394295608.704
20260116,45.634,46.474,46.994,45.104,990479000.0,460315210.46
20260119,48.224,48.394,50.984,48.004,1603729000.0,776108612.26
20260120,48.054,47.204,48.304,46.524,837263200.0,395221720.92800003
20260121,46.824,49.174,49.704,46.734,991073400.0,487350433.716
20260122,49.644,47.854,49.904,47.504,807436600.0,386390710.564
20260123,48.094,48.244,48.654,47.714,618494600.0,298386534.824
20260126,47.694,47.194,48.104,46.604,645496100.0,304635429.434
20260127,46.884,47.844,48.104,46.074,607554200.0,290678231.448
20260128,47.804,48.254,48.754,47.474,611383100.0,295016801.074
20260129,48.064,45.754,48.304,45.724,532050200.0,243434248.508
20260130,45.694,45.014,46.394,44.084,498755800.0,224509935.812
20260202,44.654,42.104,45.294,42.104,551093700.0,232032491.44799998
20260203,42.604,43.134,43.244,42.194,363337700.0,156722083.518
20260204,42.744,42.184,42.994,41.734,340847100.0,143782940.664
20260205,41.904,42.104,42.244,40.934,344639100.0,145106846.664
20260206,42.044,41.824,42.554,41.444,347200600.0,145213178.944
20260209,45.384,44.244,46.354,43.934,852278800.0,377082232.272
20260210,44.484,44.494,45.294,44.104,597197600.0,265717100.144
20260211,44.464,44.144,45.164,43.994,370629100.0,163610509.90399998
20260212,43.974,44.304,44.584,43.904,364674000.0,161565168.96
20260213,44.304,43.644,45.154,43.644,511840400.0,223387624.176
20260224,44.604,44.464,45.154,43.804,488542200.0,217225403.808
20260225,44.464,50.774,50.774,44.464,1928243700.0,979046456.238
20260226,48.454,49.084,49.304,47.624,1352287500.0,663756796.5
20260227,48.694,48.394,49.004,47.414,734238300.0,355327282.902
20260302,48.764,48.394,49.284,47.954,894112800.0,432696948.432
20260303,48.304,46.534,48.974,46.434,927089400.0,431411781.39599997
20260304,45.864,45.034,47.244,44.704,777503800.0,350141061.292
20260305,45.864,45.254,46.764,44.614,653784600.0,295863682.884
20260306,45.154,45.334,45.924,44.524,489521900.0,221919858.14600003
20260309,44.884,43.944,44.904,42.704,703987200.0,309360135.16800004
20260310,44.614,44.384,44.954,43.624,588808000.0,261336542.72
20260311,44.404,45.204,46.354,44.384,728812700.0,329452492.908
20260312,45.264,45.854,46.684,44.314,1060572600.0,486314960.004
20260313,46.314,45.654,47.484,44.454,1222814800.0,558263868.792
20260316,45.574,44.364,46.324,43.704,1035416000.0,459351954.23999995
20260317,44.414,42.004,44.434,42.004,879864900.0,369578452.59599996
20260318,42.204,41.924,42.304,41.374,481406500.0,201824861.06
20260319,41.654,42.044,43.684,40.944,870482300.0,365985578.21199995
20260320,41.704,41.464,43.954,41.304,835597500.0,346472147.4
20260323,40.924,41.884,43.904,40.884,1126705900.0,471909499.156
20260324,41.944,40.914,42.304,39.884,887015300.0,362913439.842
20260325,40.604,40.984,41.744,40.554,595245500.0,243955415.72
20260326,40.974,40.634,41.554,40.464,509921700.0,207201583.578
20260327,40.604,42.384,42.984,40.374,676345100.0,286662107.184
20260330,42.404,43.644,43.804,42.064,686417800.0,299580184.63199997
20260331,43.004,42.364,43.394,42.304,507068400.0,214814456.97599998
20260401,43.164,42.754,43.314,42.414,318587400.0,136208856.996
20260402,42.334,42.484,43.484,42.064,354474600.0,150594989.064
20260403,46.264,51.024,51.024,45.264,3048200200.0,1555313670.048
20260407,51.784,53.074,54.304,50.784,3073075100.0,1631003878.574
20260408,52.614,54.274,54.274,50.504,2371797800.0,1287269537.9720001
20260409,54.274,57.314,60.784,53.814,2372748900.0,1359917304.546
20260410,58.464,60.254,62.544,58.464,2160854400.0,1302001210.1759999
20260413,60.854,60.634,64.474,59.604,2007039300.0,1216948209.162
20260414,60.644,60.914,62.224,59.004,1551775000.0,945248223.5
20260415,61.604,59.944,62.214,59.504,1371644800.0,822218758.9120001
20260416,59.804,63.314,65.804,57.924,2034798400.0,1288312258.976
20260417,63.864,64.114,66.324,63.054,1620581300.0,1039019494.682
20260420,67.604,67.374,69.254,64.894,1994364900.0,1343683407.7259998
20260421,66.214,69.104,70.884,62.814,2712066200.0,1874146226.848
20260422,69.104,69.904,73.874,65.964,2571292400.0,1797436239.296
20260423,70.844,70.614,73.544,69.704,2103323000.0,1485240503.22
20260424,72.294,72.884,78.724,71.004,2530791500.0,1844542076.86
20260427,73.304,71.204,78.304,70.974,2756253500.0,1962562742.1399999
20260428,71.704,73.824,76.194,69.454,2594579800.0,1915422591.552
20260429,73.264,75.914,79.454,72.604,1903750400.0,1445213078.6560001
20260430,79.184,80.154,87.574,78.144,2693950000.0,2159308683.0
20260506,81.804,77.054,82.304,76.614,2758509600.0,2125541987.184
20260507,76.004,77.804,79.864,74.904,1990763800.0,1548893866.9520001
20260508,76.974,79.644,81.604,76.974,1694228900.0,1349351665.1160002
20260511,82.404,95.614,95.614,80.934,2789030200.0,2666703335.428
20260512,100.404,97.804,101.704,94.884,2665109100.0,2606583304.164
20260513,97.454,117.404,117.404,94.454,2972334400.0,3489639478.976
20260514,131.804,140.924,140.924,131.514,2696621400.0,3800186741.736
20260515,139.334,145.354,150.804,136.704,3249938400.0,4723915461.936001
20260518,141.164,135.704,147.444,130.804,2300162000.0,3121411840.48
20260519,131.304,125.934,134.684,118.204,2093283100.0,2636155139.154
20260520,126.284,141.384,149.294,124.484,2478501000.0,3504203853.8399997
20260521,139.804,127.674,140.914,127.314,1798042300.0,2295632526.102
20260522,129.104,130.524,135.684,129.104,1397686500.0,1824316327.26
20260525,130.804,134.134,135.604,121.804,1833300200.0,2459078890.2679996
20260526,130.904,141.804,143.684,127.804,1670820800.0,2369290727.232
20260527,143.804,154.804,165.274,138.804,1960338000.0,3034681637.52
20260528,153.804,174.464,175.184,153.804,1605237500.0,2800561552.0
20260529,181.804,174.464,182.304,163.814,1598375000.0,2788588960.0
20260601,184.904,169.794,198.464,166.114,2066018900.0,3507976131.0660005
20260602,173.194,191.804,196.384,173.194,2320351200.0,4450526415.648
20260603,191.804,182.464,201.794,178.574,2603980000.0,4751326067.2
20260604,199.394,218.994,218.994,193.704,2002125800.0,4384535374.452
20260605,228.804,230.914,242.834,218.944,2546258500.0,5879667352.69
20260608,230.804,251.984,265.304,230.484,2485392700.0,6262791941.168
20260609,246.804,250.624,262.764,239.794,1780176600.0,4461549801.984
20260610,262.804,291.804,298.704,262.804,1770069000.0,5165132144.759999
20260611,307.864,349.604,349.604,288.804,2097916300.0,7334399301.452
20260612,326.804,301.804,336.734,279.684,2844231700.0,8584005039.867999
20260615,309.804,318.104,318.724,279.844,2033296900.0,6467998770.776
20260616,325.804,322.804,364.804,318.304,2321699300.0,7494538208.372
20260617,310.0,339.7,340.0,300.33,1873765600.0,6365181743.2
20260618,332.0,364.0,365.0,323.36,1563100300.0,5689685092.0
20260622,368.0,389.99,399.5,366.0,1754409800.0,6842022779.02
20260626,406.5,385.6,416.99,370.0,1826639900.0,7043523454.400001
20260629,365.15,370.0,393.0,312.19,2160626200.0,7994316940.0
20260630,355.0,349.99,363.0,331.88,1533985400.0,5368795501.46
20260701,349.99,378.61,386.0,347.5,1494789800.0,5659423661.78
20260702,353.0,365.0,399.99,350.13,1499927000.0,5474733550.0
20260703,358.0,330.14,369.91,319.3,1302857500.0,4301253750.5
20260706,335.0,302.8,344.0,301.06,1334497700.0,4040859035.6000004
20260707,290.0,315.99,319.9,280.59,1502115100.0,4746533504.49
20260708,313.0,331.0,339.99,309.0,1525975700.0,5050979567.0
20260709,344.0,363.6,370.0,328.6,1401758100.0,5096792451.6
20260710,341.0,293.99,352.99,291.8,1987066600.0,5841777097.34
20260713,285.0,244.5,309.78,237.33,2215129700.0,5415992116.5
20260714,239.0,248.34,256.88,222.0,1723143200.0,4279253822.88
20260715,251.57,250.35,258.8,233.33,1431354100.0,3583394989.35
20260716,240.0,255.0,262.99,231.5,1399788400.0,3569460420.0
20260717,252.0,251.0,274.99,239.7,1738218100.0,4362927431.0
20260720,252.0,200.8,257.99,200.8,1801687800.0,3617789102.4
20260721,192.48,212.0,215.0,161.37,2722731000.0,5772189720.0
20260722,197.0,210.0,225.0,192.26,2209880600.0,4640749260.0
20260723,211.2,215.0,219.86,205.0,1401388500.0,3012985275.0
20260724,213.0,245.67,256.8,213.0,2401364100.0,5899431184.469999
20260727,247.63,284.94,293.0,246.79,2413101800.0,6875892268.92
20260728,276.0,275.8,292.8,265.01,2382431400.0,6570745801.2
20260729,274.26,301.17,304.8,266.66,2799332300.0,8430749087.910001
20260730,295.15,284.64,310.72,268.0,2592653800.0,7379729776.32
20260731,310.63,266.0,326.0,260.97,2871256900.0,7637543354.0
20260803,258.6,247.99,274.3,230.4,2336551200.0,5794413320.88
20260804,250.0,253.1,258.5,241.08,2059686100.0,5213065519.099999
20260805,256.0,286.32,286.66,256.0,2495630600.0,7145489533.92
20260806,278.0,308.0,325.25,272.0,3078519600.0,9481840368.0
20260807,304.0,316.0,316.0,299.0,2526215200.0,7982840032.0
20260810,310.46,325.3,333.98,296.71,2401729200.0,7812825087.6
20260811,318.0,311.11,334.0,311.11,1976831600.0,6150120790.76
20260812,313.0,307.35,316.0,301.36,1798793800.0,5528592744.3
20260813,310.0,295.49,318.66,295.0,1965029000.0,5806464192.1
20260814,300.0,300.96,305.92,295.81,1456396000.0,4383169401.599999
20260817,297.0,310.11,313.88,288.01,2325818700.0,7212596370.570001
20260818,310.0,290.28,310.0,284.8,2292160400.0,6653683209.119999
20260819,279.9,275.33,294.88,274.18,1894379500.0,5215795077.349999
20260820,280.0,260.88,280.0,256.0,1924070300.0,5019514598.64
20260821,261.5,263.09,274.99,256.57,1464901300.0,3854008830.1699996
20260824,255.0,250.08,261.6,243.0,1453877700.0,3635857352.1600003
20260825,242.88,247.0,250.8,238.0,1088217500.0,2687897225.0
20260826,249.0,242.1,249.0,240.58,931069000.0,2254118049.0
20260827,244.96,258.5,259.22,242.81,1560608400.0,4034172714.0
20260828,257.01,249.1,263.8,249.1,1196774100.0,2981164283.1
20260831,240.71,259.94,259.94,240.71,1346442900.0,3499943674.2599998
20260901,255.88,237.02,256.0,236.03,1395389700.0,3307352666.94
20260902,232.1,232.0,235.5,227.77,955512100.0,2216788072.0
20260903,233.99,231.89,234.26,228.02,726329200.0,1684284781.8799999
20260904,235.0,227.04,238.5,225.4,877788700.0,1992931464.48
20260907,230.5,234.01,235.4,228.0,950566700.0,2224421134.67
20260908,236.0,228.36,241.03,227.58,1026700400.0,2344573033.44
20260909,228.53,225.7,235.0,224.08,961891200.0,2170988438.4
20260910,224.53,224.8,227.99,222.22,727987300.0,1636515450.4
20260911,221.0,226.35,226.8,215.71,976792900.0,2210970729.15
20260914,219.63,218.14,222.3,216.0,911345500.0,1988009073.6999998
20260915,219.0,227.99,234.99,217.77,1369413400.0,3122125610.6600003
20260916,229.1,235.58,238.5,223.1,1418706300.0,3342188301.54
20260917,232.96,225.9,237.62,225.55,1249559700.0,2822755362.3
20260918,230.44,239.2,242.67,226.26,1733583500.0,4146731732.0
20260921,243.08,238.03,246.98,234.52,1401944800.0,3337049207.44
20260922,238.99,214.61,241.0,213.18,2358970600.0,5062586804.66
20260923,216.24,217.4,219.57,213.0,1212787600.0,2636600242.4
20260924,214.51,212.99,219.21,212.56,794126600.0,1691410245.3400002
20260928,211.59,201.07,212.0,198.08,1301674000.0,2617275911.7999997
20260929,200.0,193.25,201.07,190.36,1182651500.0,2285474023.75
20260930,195.98,190.66,196.0,190.17,781978000.0,1490919254.8
