time,open,high,low,close,volume,amount
20251106103000000,51.08,52.92,50.85,52.29,4187700.0,0.0
20251106113000000,52.34,53.88,52.22,52.8,1610500.0,0.0
20251106140000000,52.83,52.91,52.41,52.45,920100.0,0.0
20251106150000000,52.45,53.0,52.45,53.0,1431100.0,0.0
20251107103000000,51.68,52.96,50.1,50.67,4294800.0,0.0
20251107113000000,50.67,52.15,50.67,51.79,1576000.0,0.0
20251107140000000,51.77,52.18,51.3,51.37,690700.0,0.0
20251107150000000,51.37,51.7,50.58,50.6,1468200.0,0.0
20251110103000000,50.51,51.54,50.0,51.44,2617400.0,0.0
20251110113000000,51.38,51.55,50.93,51.22,762800.0,0.0
20251110140000000,51.23,51.23,50.6,50.89,827800.0,0.0
20251110150000000,50.83,51.15,50.5,50.6,1110300.0,0.0
20251111103000000,50.45,50.99,50.17,50.42,1071300.0,0.0
20251111113000000,50.39,50.74,50.04,50.3,465200.0,0.0
20251111140000000,50.28,50.93,49.37,49.37,838900.0,0.0
20251111150000000,49.37,49.6,49.18,49.38,820100.0,0.0
20251112103000000,49.9,49.9,48.64,49.6,951300.0,0.0
20251112113000000,49.6,49.86,48.95,48.97,475700.0,0.0
20251112140000000,48.97,49.27,48.89,49.15,303300.0,0.0
20251112150000000,49.13,49.27,48.85,49.08,561900.0,0.0
20251113103000000,48.84,49.32,48.5,49.02,621926.0,0.0
20251113113000000,49.02,49.65,49.0,49.39,521800.0,0.0
20251113140000000,49.39,49.39,48.73,48.84,757100.0,0.0
20251113150000000,48.84,49.46,48.73,49.35,623589.0,0.0
20251114103000000,48.91,52.33,48.91,52.0,2526200.0,0.0
20251114113000000,52.0,52.78,51.64,52.09,699700.0,0.0
20251114140000000,52.06,54.29,52.06,54.29,1561200.0,0.0
20251114150000000,54.29,54.29,54.29,54.29,304700.0,0.0
20251117103000000,56.5,58.57,53.57,54.1,4488500.0,0.0
20251117113000000,54.1,54.25,53.56,53.65,851400.0,0.0
20251117140000000,53.68,53.73,52.45,52.89,1468900.0,0.0
20251117150000000,52.89,53.95,52.68,52.89,1355726.0,0.0
20251118103000000,52.89,54.82,52.0,54.72,2866800.0,0.0
20251118113000000,54.72,56.8,54.59,56.11,2371820.0,0.0
20251118140000000,56.2,58.18,55.5,58.18,1867043.0,0.0
20251118150000000,58.18,58.18,58.18,58.18,304300.0,0.0
20251119103000000,58.72,58.72,55.08,55.19,3973183.0,0.0
20251119113000000,55.19,55.84,55.01,55.15,833300.0,0.0
20251119140000000,55.17,57.5,54.6,56.43,1787300.0,0.0
20251119150000000,56.43,56.44,55.84,56.15,1202400.0,0.0
20251120103000000,56.13,56.5,53.53,54.25,2787800.0,0.0
20251120113000000,54.34,55.1,54.19,55.0,892600.0,0.0
20251120140000000,55.0,55.0,53.91,54.11,443300.0,0.0
20251120150000000,54.11,54.5,53.78,54.09,903600.0,0.0
20251121103000000,53.53,55.7,53.53,54.59,2494100.0,0.0
20251121113000000,54.59,54.59,53.45,54.1,650100.0,0.0
20251121140000000,54.1,54.44,53.21,53.33,563800.0,0.0
20251121150000000,53.33,53.34,52.4,52.5,1149800.0,0.0
20251124103000000,53.81,53.89,51.01,53.05,2147400.0,0.0
20251124113000000,53.04,53.65,52.58,53.64,847200.0,0.0
20251124140000000,53.52,54.07,52.76,53.6,999500.0,0.0
20251124150000000,53.6,54.8,53.6,54.47,1490500.0,0.0
20251125103000000,54.04,57.6,53.4,56.56,3058800.0,0.0
20251125113000000,56.56,56.79,56.3,56.46,417300.0,0.0
20251125140000000,56.46,56.79,55.78,56.56,668900.0,0.0
20251125150000000,56.56,56.59,56.0,56.5,916100.0,0.0
20251126103000000,56.46,58.8,55.55,57.64,2228167.0,0.0
20251126113000000,57.6,58.0,57.05,57.3,601000.0,0.0
20251126140000000,57.3,57.86,56.5,56.65,716450.0,0.0
20251126150000000,56.65,56.74,56.4,56.7,608400.0,0.0
20251127103000000,56.05,59.21,56.05,57.43,1874400.0,0.0
20251127113000000,57.43,58.69,57.43,58.21,634000.0,0.0
20251127140000000,58.21,58.9,57.53,58.22,628800.0,0.0
20251127150000000,58.22,58.59,58.01,58.33,949400.0,0.0
20251128103000000,57.74,60.37,57.09,59.31,2471600.0,0.0
20251128113000000,59.32,60.99,58.79,60.58,2038605.0,0.0
20251128140000000,60.58,60.66,58.9,59.14,936315.0,0.0
20251128150000000,59.14,60.99,59.1,60.96,1285500.0,0.0
20251201103000000,60.0,60.0,58.22,59.24,1919200.0,0.0
20251201113000000,59.24,60.5,59.23,59.98,598900.0,0.0
20251201140000000,59.92,61.2,59.5,60.45,920900.0,0.0
20251201150000000,60.45,63.09,60.02,62.59,1703300.0,0.0
20251202103000000,61.99,67.67,61.5,67.4,3640976.0,0.0
20251202113000000,67.4,68.85,66.5,66.67,1719274.0000000002,0.0
20251202140000000,66.68,68.21,66.64,67.75,824400.0,0.0
20251202150000000,67.75,68.85,67.7,68.1,2005793.9999999998,0.0
20251203103000000,68.17,73.49,67.6,69.68,5322441.0,0.0
20251203113000000,69.68,70.69,68.51,69.2,1064900.0,0.0
20251203140000000,69.2,69.69,68.06,68.84,864900.0,0.0
20251203150000000,69.0,69.48,68.62,69.25,1055300.0,0.0
20251204103000000,68.99,68.99,65.83,66.23,3613644.0,0.0
20251204113000000,66.25,69.16,65.87,68.99,1154800.0,0.0
20251204140000000,68.9,71.53,68.18,70.42,1306700.0,0.0
20251204150000000,70.42,70.48,69.11,69.2,1078600.0,0.0
20251205103000000,69.84,71.36,66.22,69.5,2714800.0,0.0
20251205113000000,69.6,72.5,69.6,71.88,1712900.0,0.0
20251205140000000,71.88,72.4,71.1,71.51,707426.0,0.0
20251205150000000,71.51,71.77,71.0,71.24,1071200.0,0.0
20251208103000000,70.25,75.8,69.36,75.54,3859800.0,0.0
20251208113000000,75.54,76.46,74.9,75.85,990100.0,0.0
20251208140000000,75.8,77.5,75.8,76.51,567396.0,0.0
20251208150000000,76.51,77.5,76.2,77.5,811083.0,0.0
20251209103000000,77.0,78.89,73.89,76.09,3080705.0,0.0
20251209113000000,76.03,76.21,73.89,73.9,856100.0,0.0
20251209140000000,73.9,75.43,73.88,74.0,649400.0,0.0
20251209150000000,74.02,77.74,74.01,77.01,1404828.0,0.0
20251210103000000,76.08,76.08,72.5,72.5,2309305.0,0.0
20251210113000000,72.45,74.28,72.18,74.2,997495.0000000001,0.0
20251210140000000,74.23,74.26,72.51,73.0,803663.0,0.0
20251210150000000,73.0,74.03,72.66,73.71,1653914.0,0.0
20251211103000000,73.8,78.87,73.31,76.5,3312000.0,0.0
20251211113000000,76.61,79.1,75.85,78.61,1192942.0,0.0
20251211140000000,78.61,81.08,78.61,81.08,1595492.0,0.0
20251211150000000,81.08,81.08,81.08,81.08,130863.00000000001,0.0
20251212103000000,81.08,85.8,81.08,85.38,4606463.0,0.0
20251212113000000,85.36,88.5,84.17,88.46,1693263.0,0.0
20251212140000000,88.5,89.19,88.19,89.19,1689300.0,0.0
20251212150000000,89.19,89.19,89.19,89.19,273428.0,0.0
20251215103000000,89.19,92.93,86.13,88.78,4113700.0,0.0
20251215113000000,88.78,88.82,86.16,86.8,1106200.0,0.0
20251215140000000,86.8,88.8,86.1,87.74,623195.0,0.0
20251215150000000,87.74,89.6,87.02,87.07,1019500.0,0.0
20251216103000000,87.99,93.7,87.06,88.24,4054242.0,0.0
20251216113000000,88.03,89.2,86.6,88.65,629200.0,0.0
20251216140000000,88.65,92.1,87.99,91.28,927600.0,0.0
20251216150000000,91.36,92.5,90.21,92.5,1056713.0,0.0
20251217103000000,88.4,92.48,86.86,91.68,2830300.0,0.0
20251217113000000,91.18,91.67,89.1,89.79,634214.0,0.0
20251217140000000,89.79,90.5,88.4,90.07,825744.0,0.0
20251217150000000,90.06,90.5,89.45,90.02,1029673.0,0.0
20251218103000000,89.5,90.4,87.1,89.33,2145185.0,0.0
20251218113000000,89.33,95.88,88.92,95.22,2310008.0,0.0
20251218140000000,95.28,97.0,94.31,95.01,929029.9999999999,0.0
20251218150000000,95.01,95.46,92.51,94.33,1145877.0,0.0
20251219103000000,96.06,96.06,89.2,91.76,2774434.0,0.0
20251219113000000,91.65,92.26,90.66,91.1,505600.0,0.0
20251219140000000,91.1,91.52,89.01,90.8,1282196.0,0.0
20251219150000000,90.66,91.49,89.5,89.51,979645.0000000001,0.0
20251222103000000,88.45,98.13,87.9,96.77,3941264.0,0.0
20251222113000000,96.76,97.7,96.32,97.1,735128.0,0.0
20251222140000000,97.1,98.46,96.89,98.46,1004665.0,0.0
20251222150000000,98.46,98.46,98.46,98.46,97800.0,0.0
20251223103000000,102.0,108.31,102.0,108.31,3895911.0,0.0
20251223113000000,108.31,108.31,108.31,108.31,203549.0,0.0
20251223140000000,108.31,108.31,106.96,108.31,3181507.0,0.0
20251223150000000,108.31,108.31,107.8,108.31,861827.0,0.0
20251224103000000,110.57,115.69,107.02,109.93,8316252.0,0.0
20251224113000000,109.95,110.31,106.1,109.27,1723241.9999999998,0.0
20251224140000000,109.27,112.77,108.31,111.85,1654191.9999999998,0.0
20251224150000000,111.85,112.0,107.01,107.29,2903021.0,0.0
20251225103000000,109.44,109.95,101.19,103.57,5946783.0,0.0
20251225113000000,103.78,109.31,103.57,107.11,2039508.0000000002,0.0
20251225140000000,107.27,109.0,105.5,106.17,993862.9999999999,0.0
20251225150000000,106.17,106.17,104.32,106.0,1367644.0,0.0
20251226103000000,107.0,115.8,104.5,114.79,6216064.0,0.0
20251226113000000,114.79,116.6,107.6,109.78,4243655.0,0.0
20251226140000000,109.79,111.06,106.0,106.82,2115136.0,0.0
20251226150000000,106.9,108.18,100.01,100.6,3493100.0,0.0
20251229103000000,99.28,100.61,93.3,93.88,8363778.0,0.0
20251229113000000,93.89,96.13,93.51,94.61,1776300.0,0.0
20251229140000000,94.6,95.19,93.96,94.53,1240985.0,0.0
20251229150000000,94.5,95.88,94.36,94.36,1985246.0,0.0
20251230103000000,95.0,98.59,95.0,95.51,5486871.0,0.0
20251230113000000,95.59,96.1,94.56,94.94,1183130.0,0.0
20251230140000000,94.94,94.94,93.88,94.12,1321144.0,0.0
20251230150000000,94.17,94.4,93.0,93.0,2287910.0,0.0
20251231103000000,95.23,95.5,91.91,93.16,3261280.0,0.0
20251231113000000,93.06,95.88,93.06,95.08,1849207.0,0.0
20251231140000000,95.02,96.2,93.93,95.88,1481492.0,0.0
20251231150000000,95.88,96.66,95.5,95.5,1832375.9999999998,0.0
20260105103000000,97.99,105.05,97.61,105.05,5437332.0,0.0
20260105113000000,105.05,105.05,105.05,105.05,439716.0,0.0
20260105140000000,105.05,105.05,105.05,105.05,247500.0,0.0
20260105150000000,105.05,105.05,105.05,105.05,146635.0,0.0
20260106103000000,108.9,115.56,107.88,115.56,6992625.999999999,0.0
20260106113000000,115.56,115.56,115.56,115.56,100200.0,0.0
20260106140000000,115.56,115.56,115.56,115.56,162200.0,0.0
20260106150000000,115.56,115.56,115.56,115.56,143300.0,0.0
20260107103000000,118.34,122.51,114.08,117.55,7753005.0,0.0
20260107113000000,117.49,119.58,117.14,117.14,1222515.0,0.0
20260107140000000,117.14,117.88,116.0,117.57,1868462.0,0.0
20260107150000000,117.61,118.6,117.0,117.4,1799575.9999999998,0.0
20260108103000000,116.81,120.65,115.16,116.16,4261298.0,0.0
20260108113000000,116.54,116.93,115.11,116.0,1007000.0,0.0
20260108140000000,116.07,119.89,114.65,118.9,1790900.0,0.0
20260108150000000,118.71,119.79,118.0,119.0,1597783.0,0.0
20260109103000000,117.0,125.19,115.62,123.4,3977200.0,0.0
20260109113000000,123.41,125.2,122.2,124.19,1446746.0,0.0
20260109140000000,124.19,125.58,121.84,124.6,1294445.0,0.0
20260109150000000,124.1,126.0,122.02,125.5,1667700.0,0.0
20260112103000000,125.0,129.66,122.0,123.99,3652465.0,0.0
20260112113000000,123.98,124.89,121.5,122.24,1308400.0,0.0
20260112140000000,122.21,125.5,121.75,124.31,1187830.0,0.0
20260112150000000,124.33,125.69,124.0,124.59,1131224.0,0.0
20260113103000000,124.0,135.37,122.93,129.3,3249700.0,0.0
20260113113000000,129.23,130.76,127.68,128.87,788066.0,0.0
20260113140000000,129.11,129.11,127.05,127.76,500300.0,0.0
20260113150000000,127.75,127.77,125.6,126.16,966500.0,0.0
20260114103000000,125.88,138.78,125.88,138.78,3097186.0,0.0
20260114113000000,138.78,138.78,138.78,138.78,107900.0,0.0
20260114140000000,138.78,138.78,138.78,138.78,160800.0,0.0
20260114150000000,138.78,138.78,137.48,138.78,1134700.0,0.0
20260115103000000,140.0,149.55,140.0,146.44,3871107.0,0.0
20260115113000000,146.49,148.21,143.34,144.6,833545.9999999999,0.0
20260115140000000,144.22,144.48,140.36,141.9,1533400.0,0.0
20260115150000000,141.9,148.78,141.68,148.6,1504437.0,0.0
20260116103000000,145.0,163.46,145.0,158.82,3798719.0,0.0
20260116113000000,158.82,163.0,157.68,162.0,905800.0,0.0
20260116140000000,162.03,163.46,162.0,163.46,700600.0,0.0
20260116150000000,163.46,163.46,163.46,163.46,91630.0,0.0
20260119103000000,169.0,169.0,147.11,147.11,5756736.0,0.0
20260119113000000,147.11,147.11,147.11,147.11,108100.0,0.0
20260119140000000,147.11,147.25,147.11,147.11,730800.0,0.0
20260119150000000,147.11,147.11,147.11,147.11,184400.0,0.0
20260120103000000,143.52,156.84,143.52,150.36,5924735.0,0.0
20260120113000000,150.3,150.5,146.5,148.27,1115600.0,0.0
20260120140000000,148.27,148.8,144.01,145.32,1189300.0,0.0
20260120150000000,145.23,146.47,143.24,145.62,1845509.9999999998,0.0
20260121103000000,143.1,148.78,140.26,146.9,3937300.0,0.0
20260121113000000,146.92,150.63,146.3,148.88,1541900.0,0.0
20260121140000000,148.88,149.94,147.01,149.37,509734.0,0.0
20260121150000000,149.37,149.95,145.92,146.25,1365400.0,0.0
20260122103000000,146.0,147.66,136.6,136.64,5511500.0,0.0
20260122113000000,136.61,138.8,135.35,136.8,2412500.0,0.0
20260122140000000,136.61,138.94,135.3,136.17,1685200.0,0.0
20260122150000000,136.1,138.44,136.0,137.59,1647482.0,0.0
20260123103000000,140.1,140.49,134.31,135.21,3450900.0,0.0
20260123113000000,135.21,140.78,135.14,138.81,1841200.0,0.0
20260123140000000,138.79,142.44,138.01,141.8,1445908.0,0.0
20260123150000000,141.5,142.74,140.11,141.06,1395500.0,0.0
20260126103000000,141.06,142.0,136.39,138.88,2871500.0,0.0
20260126113000000,138.71,139.49,136.83,139.49,786100.0,0.0
20260126140000000,139.49,139.51,137.03,137.22,573500.0,0.0
20260126150000000,137.22,137.5,136.0,136.0,1179500.0,0.0
20260127103000000,137.77,147.93,137.08,146.41,4512600.0,0.0
20260127113000000,146.5,149.6,146.34,149.6,1093900.0,0.0
20260127140000000,149.6,149.6,149.6,149.6,61900.0,0.0
20260127150000000,149.6,149.6,149.6,149.6,93700.0,0.0
20260128103000000,159.0,159.0,149.68,151.73,5824581.0,0.0
20260128113000000,151.72,156.48,151.35,155.81,1395300.0,0.0
20260128140000000,155.81,156.0,153.19,154.08,1008100.0,0.0
20260128150000000,154.05,161.0,153.56,158.35,1913566.0,0.0
20260129103000000,154.0,163.58,152.8,155.21,3818900.0,0.0
20260129113000000,155.0,156.5,153.44,153.69,959792.0,0.0
20260129140000000,154.39,155.6,152.13,153.11,869400.0,0.0
20260129150000000,153.13,153.35,150.89,151.75,1338600.0,0.0
20260130103000000,147.8,165.8,147.8,159.89,4512264.0,0.0
20260130113000000,159.89,162.55,157.8,160.88,1221100.0,0.0
20260130140000000,160.99,161.06,158.6,159.28,802700.0,0.0
20260130150000000,159.28,159.43,158.0,158.29,974665.0,0.0
20260202103000000,150.38,157.79,148.1,148.68,2956926.0,0.0
20260202113000000,148.26,150.34,147.56,147.85,864000.0,0.0
20260202140000000,147.64,150.95,146.66,149.59,1056804.0,0.0
20260202150000000,149.64,150.33,146.8,146.9,949348.0,0.0
20260203103000000,150.02,153.8,145.51,150.58,2706300.0,0.0
20260203113000000,150.58,151.02,148.7,149.13,982200.0,0.0
20260203140000000,149.13,151.78,148.77,151.12,674748.0,0.0
20260203150000000,151.11,152.98,150.05,150.23,1071229.0,0.0
20260204103000000,148.57,149.96,144.0,145.6,1952912.0,0.0
20260204113000000,145.61,146.78,144.3,144.33,571848.0,0.0
20260204140000000,144.33,144.78,142.36,142.58,909800.0,0.0
20260204150000000,142.56,145.47,142.13,144.94,991946.9999999999,0.0
20260205103000000,140.52,143.13,137.5,139.5,2284700.0,0.0
20260205113000000,139.5,142.47,139.24,140.95,634600.0,0.0
20260205140000000,140.86,141.24,139.0,140.83,378500.0,0.0
20260205150000000,140.83,142.3,140.1,140.14,621418.0,0.0
20260206103000000,139.14,143.21,136.76,138.84,1548500.0,0.0
20260206113000000,138.84,140.14,138.61,139.09,434100.0,0.0
20260206140000000,139.09,139.59,137.8,138.12,565200.0,0.0
20260206150000000,138.13,138.42,135.01,135.7,1792400.0,0.0
20260209103000000,141.02,144.8,135.14,143.11,3282300.0,0.0
20260209113000000,143.11,148.29,142.16,147.92,1167890.0,0.0
20260209140000000,148.0,149.27,147.6,149.27,628900.0,0.0
20260209150000000,149.27,149.27,149.27,149.27,81100.0,0.0
20260210103000000,153.0,153.0,144.79,144.81,2847093.0,0.0
20260210113000000,144.81,146.42,143.06,143.31,968400.0,0.0
20260210140000000,143.31,145.88,142.82,145.58,665500.0,0.0
20260210150000000,145.57,148.24,145.1,146.02,1139900.0,0.0
20260211103000000,145.64,147.46,141.3,143.07,1875929.0,0.0
20260211113000000,143.31,145.4,142.72,145.08,476700.0,0.0
20260211140000000,145.08,147.4,142.42,142.47,679200.0,0.0
20260211150000000,142.62,145.2,142.45,143.78,836800.0,0.0
20260212103000000,147.5,148.9,141.71,142.1,2081600.0,0.0
20260212113000000,142.0,143.8,141.39,142.14,473900.0,0.0
20260212140000000,142.14,142.9,141.5,141.53,452600.0,0.0
20260212150000000,141.53,141.79,140.6,140.88,796200.0,0.0
20260213103000000,141.0,150.67,141.0,149.0,3414392.0,0.0
20260213113000000,148.89,149.18,147.11,148.05,744500.0,0.0
20260213140000000,148.05,152.37,148.05,148.95,983025.0,0.0
20260213150000000,148.95,149.3,146.48,146.78,1052500.0,0.0
20260224103000000,145.0,151.35,142.11,148.06,2834900.0,0.0
20260224113000000,148.05,148.8,145.8,148.46,632400.0,0.0
20260224140000000,148.4,149.89,146.3,146.66,879025.0,0.0
20260224150000000,146.66,147.16,144.69,145.51,1463300.0,0.0
20260225103000000,145.0,145.0,136.7,138.5,3276171.0,0.0
20260225113000000,138.36,139.71,137.38,138.28,643000.0,0.0
20260225140000000,138.28,141.53,136.85,141.45,1430500.0,0.0
20260225150000000,141.34,142.1,139.45,140.46,975789.0,0.0
20260226103000000,139.92,144.45,139.37,143.36,2269900.0,0.0
20260226113000000,143.36,145.67,142.25,144.18,1778700.0,0.0
20260226140000000,144.18,147.9,143.38,145.78,1448600.0,0.0
20260226150000000,145.81,146.3,144.77,144.97,928700.0,0.0
20260227103000000,142.4,144.59,139.45,142.9,2557600.0,0.0
20260227113000000,143.32,145.41,142.11,142.26,1126182.0,0.0
20260227140000000,142.26,144.76,142.14,144.0,515900.0,0.0
20260227150000000,143.96,144.3,143.5,144.22,699800.0,0.0
20260302103000000,140.73,144.6,137.5,139.88,2552400.0,0.0
20260302113000000,139.89,140.15,138.4,138.83,579300.0,0.0
20260302140000000,138.83,141.62,138.79,141.23,637022.0,0.0
20260302150000000,141.23,145.22,140.9,143.12,1219469.0,0.0
20260303103000000,144.8,145.99,134.2,134.99,2834100.0,0.0
20260303113000000,134.99,137.48,134.74,134.91,586400.0,0.0
20260303140000000,134.91,135.3,132.62,132.95,955300.0,0.0
20260303150000000,132.96,133.74,132.12,132.12,719000.0,0.0
20260304103000000,131.84,135.63,131.59,132.9,1749186.0,0.0
20260304113000000,132.9,133.86,131.84,132.92,601600.0,0.0
20260304140000000,132.98,135.9,132.38,135.1,886000.0,0.0
20260304150000000,135.1,135.1,133.77,134.21,465305.0,0.0
20260305103000000,136.86,138.68,133.37,138.48,1820500.0,0.0
20260305113000000,138.48,138.58,135.5,136.97,800300.0,0.0
20260305140000000,136.85,138.22,135.67,135.77,487300.0,0.0
20260305150000000,135.77,137.15,134.27,136.8,766300.0,0.0
20260306103000000,136.8,140.8,136.11,136.39,1226700.0,0.0
20260306113000000,136.36,137.44,135.9,137.1,338800.0,0.0
20260306140000000,137.1,137.89,136.22,136.39,386000.0,0.0
20260306150000000,136.4,136.44,135.25,135.25,553983.0,0.0
20260309103000000,130.01,130.98,126.6,127.17,1930000.0,0.0
20260309113000000,127.35,129.77,127.1,128.42,467000.0,0.0
20260309140000000,128.42,131.5,127.01,131.5,858400.0,0.0
20260309150000000,131.55,132.74,131.11,132.11,711091.0,0.0
20260310103000000,135.5,136.6,132.55,134.35,1209100.0,0.0
20260310113000000,134.26,135.0,133.59,134.39,446000.0,0.0
20260310140000000,134.39,136.13,133.3,135.8,345800.0,0.0
20260310150000000,135.8,135.94,135.21,135.53,400700.0,0.0
20260311103000000,135.53,136.62,131.88,132.01,1502200.0,0.0
20260311113000000,132.0,132.5,130.2,130.87,572591.0,0.0
20260311140000000,130.8,131.36,129.7,131.0,582306.0,0.0
20260311150000000,131.12,131.9,131.0,131.3,667600.0,0.0
20260312103000000,130.35,132.31,129.55,129.75,1322600.0,0.0
20260312113000000,129.79,129.96,127.72,127.72,638000.0,0.0
20260312140000000,127.71,128.26,126.51,127.8,769746.0,0.0
20260312150000000,127.8,128.45,127.66,128.03,578631.0,0.0
20260313103000000,138.75,140.83,138.75,140.83,1831125.9999999998,0.0
20260313113000000,140.83,140.83,140.83,140.83,100000.0,0.0
20260313140000000,140.83,140.83,140.83,140.83,149800.0,0.0
20260313150000000,140.83,140.83,140.83,140.83,195900.0,0.0
20260316103000000,153.21,154.91,145.51,154.91,9042200.0,0.0
20260316113000000,154.91,154.91,154.91,154.91,98327.0,0.0
20260316140000000,154.91,154.91,154.91,154.91,74900.0,0.0
20260316150000000,154.91,154.91,154.91,154.91,52100.0,0.0
20260317103000000,161.8,170.4,153.31,170.4,8543871.0,0.0
20260317113000000,170.4,170.4,170.4,170.4,76800.0,0.0
20260317140000000,170.4,170.4,170.4,170.4,155900.0,0.0
20260317150000000,170.4,170.4,170.0,170.4,2029882.0,0.0
20260318103000000,173.81,178.68,167.67,176.79,5699000.0,0.0
20260318113000000,176.5,178.0,172.86,173.56,1238582.0,0.0
20260318140000000,173.56,177.77,173.39,175.32,1038100.0,0.0
20260318150000000,175.44,181.97,175.44,181.88,1651300.0,0.0
20260319103000000,174.1,177.9,172.5,176.48,3377372.0,0.0
20260319113000000,176.5,179.4,176.46,177.6,822629.9999999999,0.0
20260319140000000,177.6,179.26,175.8,178.49,791170.0,0.0
20260319150000000,178.5,179.8,175.1,175.5,1340730.0,0.0
20260320103000000,178.07,189.25,178.07,186.6,4650620.0,0.0
20260320113000000,186.58,188.67,185.08,186.9,1053200.0,0.0
20260320140000000,186.89,186.89,184.59,185.2,638300.0,0.0
20260320150000000,185.19,185.45,182.44,184.92,1462753.0,0.0
20260323103000000,177.57,179.09,172.9,173.5,3426000.0,0.0
20260323113000000,173.5,178.33,173.5,176.35,941100.0,0.0
20260323140000000,176.35,178.9,175.1,176.46,725500.0,0.0
20260323150000000,176.46,176.64,173.28,173.8,1013348.0,0.0
20260324103000000,176.9,191.18,171.5,191.18,3849100.0,0.0
20260324113000000,191.18,191.18,191.18,191.18,27600.0,0.0
20260324140000000,191.18,191.18,191.18,191.18,29300.0,0.0
20260324150000000,191.18,191.18,191.18,191.18,32366.000000000004,0.0
20260325103000000,205.0,210.3,201.0,210.3,1834537.0,0.0
20260325113000000,210.3,210.3,201.34,203.51,3718021.0,0.0
20260325140000000,203.52,204.27,199.5,200.72,2080003.0,0.0
20260325150000000,200.14,200.85,197.51,199.98,2440100.0,0.0
20260326103000000,202.31,206.2,195.0,195.87,3691000.0,0.0
20260326113000000,195.8,197.43,193.7,194.28,1223200.0,0.0
20260326140000000,194.4,195.5,191.81,192.32,1089470.0,0.0
20260326150000000,192.33,193.35,190.59,191.0,1479253.0,0.0
20260327103000000,182.97,186.51,181.24,184.38,2500510.0,0.0
20260327113000000,184.49,184.6,180.66,183.4,928200.0,0.0
20260327140000000,183.42,184.79,181.88,183.63,707853.0,0.0
20260327150000000,183.71,185.9,182.77,185.11,1448947.0,0.0
20260330103000000,180.08,191.0,180.08,186.38,2607600.0,0.0
20260330113000000,186.38,191.97,186.15,191.13,1090600.0,0.0
20260330140000000,191.13,191.32,187.9,188.67,732400.0,0.0
20260330150000000,188.67,189.0,186.92,187.41,787408.0,0.0
20260331103000000,186.71,186.71,178.7,180.99,2979000.0,0.0
20260331113000000,180.98,181.5,176.36,177.57,865700.0,0.0
20260331140000000,177.57,181.8,177.49,180.79,596570.0,0.0
20260331150000000,180.79,181.15,179.16,179.9,802530.0,0.0
20260401103000000,187.0,188.78,181.12,181.4,2620100.0,0.0
20260401113000000,181.4,182.51,180.33,181.23,595200.0,0.0
20260401140000000,181.42,185.9,181.01,183.31,645700.0,0.0
20260401150000000,183.31,185.21,183.26,184.7,641300.0,0.0
20260402103000000,184.7,188.78,176.35,177.21,2513100.0,0.0
20260402113000000,177.46,179.0,176.5,177.51,694448.0,0.0
20260402140000000,177.51,179.0,176.85,177.71,387300.0,0.0
20260402150000000,177.71,179.14,177.47,178.62,505800.0,0.0
20260403103000000,178.7,181.47,175.9,177.11,1337200.0,0.0
20260403113000000,177.04,177.63,174.7,175.1,448400.0,0.0
20260403140000000,175.37,177.77,175.11,177.61,386100.0,0.0
20260403150000000,177.7,178.91,176.66,177.3,693500.0,0.0
20260407103000000,179.52,179.52,173.54,174.25,1371000.0,0.0
20260407113000000,174.25,174.74,172.34,172.47,545300.0,0.0
20260407140000000,172.41,174.55,172.25,173.19,375700.0,0.0
20260407150000000,173.19,173.57,172.55,173.55,517800.0,0.0
20260408103000000,178.0,179.29,173.0,176.9,1994700.0,0.0
20260408113000000,176.91,178.22,175.57,177.5,712700.0,0.0
20260408140000000,177.5,179.3,177.48,178.86,944400.0,0.0
20260408150000000,178.64,180.9,178.54,180.9,1502200.0,0.0
20260409103000000,177.29,193.0,176.1,192.76,4478181.0,0.0
20260409113000000,192.93,198.99,192.93,198.99,1323900.0,0.0
20260409140000000,198.99,198.99,198.99,198.99,151200.0,0.0
20260409150000000,198.99,198.99,198.99,198.99,55800.0,0.0
20260410103000000,204.0,212.49,200.53,208.06,5017900.0,0.0
20260410113000000,208.0,208.2,203.37,203.4,1114000.0,0.0
20260410140000000,203.65,211.95,202.14,210.8,1484500.0,0.0
20260410150000000,210.6,210.6,207.28,210.5,1124700.0,0.0
20260413103000000,206.29,215.5,205.02,211.65,3320100.0,0.0
20260413113000000,211.76,213.33,208.99,209.4,934100.0,0.0
20260413140000000,209.4,211.26,209.0,209.53,730600.0,0.0
20260413150000000,209.53,211.5,209.53,211.5,998600.0,0.0
20260414103000000,209.61,209.62,194.31,195.51,5840600.0,0.0
20260414113000000,195.51,196.5,192.1,193.31,2103500.0,0.0
20260414140000000,193.38,193.69,190.35,190.35,1194500.0,0.0
20260414150000000,190.35,190.35,190.35,190.35,269700.0,0.0
20260415103000000,191.76,197.4,186.98,188.33,4719200.0,0.0
20260415113000000,188.28,190.98,185.91,189.52,1361500.0,0.0
20260415140000000,189.68,189.85,185.5,187.28,999500.0,0.0
20260415150000000,187.27,187.29,184.58,185.27,1339300.0,0.0
20260416103000000,188.06,188.06,178.9,180.69,3012600.0,0.0
20260416113000000,180.67,185.17,180.67,183.07,927400.0,0.0
20260416140000000,183.07,184.79,182.31,184.07,666700.0,0.0
20260416150000000,184.02,188.3,183.46,187.07,2053700.0,0.0
20260417103000000,186.0,187.37,182.51,184.29,2524800.0,0.0
20260417113000000,184.29,185.32,182.77,184.31,735200.0,0.0
20260417140000000,184.3,186.1,183.35,185.25,614500.0,0.0
20260417150000000,185.26,187.44,185.19,186.63,1236789.0,0.0
20260420103000000,185.99,187.98,183.53,185.65,2049800.0,0.0
20260420113000000,185.65,187.15,184.51,185.55,646000.0,0.0
20260420140000000,185.46,185.99,184.3,184.45,722000.0,0.0
20260420150000000,184.46,185.39,184.28,184.82,787700.0,0.0
20260421103000000,184.82,191.99,184.21,189.46,4052300.0,0.0
20260421113000000,189.46,189.74,186.65,186.91,883800.0,0.0
20260421140000000,186.92,188.19,185.91,186.7,759700.0,0.0
20260421150000000,186.7,187.5,186.26,187.39,981140.0,0.0
20260422103000000,185.52,188.8,182.51,186.21,3010240.0,0.0
20260422113000000,186.27,188.41,184.31,186.27,950100.0,0.0
20260422140000000,186.36,187.6,185.85,186.68,540300.0,0.0
20260422150000000,186.84,188.5,186.64,188.28,1171000.0,0.0
20260423103000000,187.5,188.32,183.5,184.5,2152000.0,0.0
20260423113000000,184.64,184.79,181.86,183.63,988300.0,0.0
20260423140000000,183.63,187.3,182.67,187.3,783000.0,0.0
20260423150000000,187.21,188.15,184.65,185.4,676100.0,0.0
20260424103000000,185.99,199.02,185.4,191.33,3798300.0,0.0
20260424113000000,191.31,191.33,188.18,188.8,817700.0,0.0
20260424140000000,188.81,190.56,187.2,188.78,550100.0,0.0
20260424150000000,188.78,191.0,188.74,189.12,763710.0,0.0
20260427103000000,189.37,192.67,187.0,192.33,2298246.0,0.0
20260427113000000,192.13,195.8,190.77,195.8,1146200.0,0.0
20260427140000000,195.81,198.99,194.83,195.32,1610500.0,0.0
20260427150000000,195.15,195.22,193.15,194.75,922887.0000000001,0.0
20260428103000000,192.81,199.85,190.2,197.02,2447400.0,0.0
20260428113000000,197.01,197.18,192.6,193.58,812800.0,0.0
20260428140000000,193.58,196.34,191.04,193.35,673700.0,0.0
20260428150000000,193.97,194.2,192.5,193.7,730200.0,0.0
20260429103000000,191.5,194.0,188.23,190.5,1721000.0,0.0
20260429113000000,190.49,192.22,189.08,190.91,763600.0,0.0
20260429140000000,190.91,192.7,190.5,192.1,698200.0,0.0
20260429150000000,192.09,192.38,190.5,192.38,937129.9999999999,0.0
20260430103000000,195.26,195.26,181.88,190.33,3060200.0,0.0
20260430113000000,190.33,191.92,188.5,189.37,418100.0,0.0
20260430140000000,189.37,190.63,187.52,188.93,534194.0,0.0
20260430150000000,188.93,189.66,187.81,188.3,712700.0,0.0
20260506103000000,191.88,207.13,189.12,207.13,4057226.9999999995,0.0
20260506113000000,207.13,207.13,207.13,207.13,120166.00000000001,0.0
20260506140000000,207.13,207.13,198.7,202.39,2552100.0,0.0
20260506150000000,202.29,202.86,200.02,201.81,1126591.0,0.0
20260507103000000,206.8,209.48,197.33,199.28,3351721.0,0.0
20260507113000000,199.5,202.61,196.1,201.82,1158266.0,0.0
20260507140000000,202.2,207.87,201.81,205.51,1114800.0,0.0
20260507150000000,205.51,207.8,204.91,206.0,898400.0,0.0
20260508103000000,202.22,205.8,198.03,200.85,1561490.0,0.0
20260508113000000,200.5,206.54,200.25,203.41,967400.0,0.0
20260508140000000,203.62,204.25,201.1,201.1,519600.0,0.0
20260508150000000,201.1,201.73,199.46,200.97,912500.0,0.0
20260511103000000,204.0,213.88,203.9,212.82,2619800.0,0.0
20260511113000000,212.72,214.7,211.5,212.53,777800.0,0.0
20260511140000000,212.53,212.94,207.1,207.11,798005.0,0.0
20260511150000000,207.1,208.28,203.22,206.2,1350280.0,0.0
20260512103000000,204.1,208.0,188.11,188.2,4680200.0,0.0
20260512113000000,188.22,193.7,187.0,187.86,1875800.0,0.0
20260512140000000,187.97,188.0,186.0,187.6,1126203.0,0.0
20260512150000000,187.6,195.2,187.6,194.9,1290978.0,0.0
20260513103000000,190.0,192.42,186.01,192.0,1626900.0,0.0
20260513113000000,192.0,197.36,191.6,195.03,1269800.0,0.0
20260513140000000,195.03,196.39,194.02,194.85,777000.0,0.0
20260513150000000,194.85,199.12,194.45,197.25,1286271.0,0.0
20260514103000000,197.0,198.8,191.1,191.35,1488800.0,0.0
20260514113000000,191.27,191.46,185.21,186.77,1181278.0,0.0
20260514140000000,186.77,190.5,186.77,189.75,561000.0,0.0
20260514150000000,189.75,190.85,187.62,188.2,773500.0,0.0
20260515103000000,188.0,201.64,186.8,198.47,3441003.0,0.0
20260515113000000,198.46,200.39,196.11,197.76,838000.0,0.0
20260515140000000,197.76,198.07,190.0,190.01,655459.0,0.0
20260515150000000,190.01,191.04,187.5,190.7,1008200.0,0.0
20260518103000000,192.0,195.5,185.68,188.8,2424700.0,0.0
20260518113000000,188.8,190.19,186.87,187.33,484200.0,0.0
20260518140000000,187.33,187.47,183.23,183.23,1058600.0,0.0
20260518150000000,183.25,184.51,182.44,183.26,912800.0,0.0
20260519103000000,181.0,181.94,170.3,173.72,2929115.0,0.0
20260519113000000,173.63,180.17,171.57,177.0,2021195.0,0.0
20260519140000000,178.03,178.56,175.0,177.31,905600.0,0.0
20260519150000000,177.31,182.85,177.01,182.85,1025345.9999999999,0.0
20260520103000000,182.63,191.88,182.63,191.87,3050400.0,0.0
20260520113000000,191.88,193.0,189.04,190.27,1138000.0,0.0
20260520140000000,190.27,191.3,188.1,188.9,628000.0,0.0
20260520150000000,188.9,189.5,188.2,188.7,809700.0,0.0
20260521103000000,187.35,192.8,187.35,189.69,1697200.0,0.0
20260521113000000,189.7,189.78,183.12,183.12,1402300.0,0.0
20260521140000000,183.08,183.59,180.38,180.79,955500.0,0.0
20260521150000000,180.78,180.91,175.8,176.9,1183400.0,0.0
20260522103000000,177.0,179.0,170.48,170.52,2423600.0,0.0
20260522113000000,170.5,175.66,170.5,173.53,707703.0,0.0
20260522140000000,173.54,174.9,173.0,173.41,679305.0,0.0
20260522150000000,173.41,176.47,173.29,176.01,897515.0,0.0
20260525103000000,176.0,181.51,173.27,178.74,1661700.0,0.0
20260525113000000,178.65,179.7,175.38,178.65,718000.0,0.0
20260525140000000,178.69,179.0,175.13,175.68,625300.0,0.0
20260525150000000,175.68,177.7,175.68,177.69,768285.0,0.0
20260526103000000,178.0,178.0,166.0,167.55,3080800.0,0.0
20260526113000000,167.38,169.36,165.38,166.36,732800.0,0.0
20260526140000000,166.37,166.9,163.01,163.74,1371300.0,0.0
20260526150000000,163.47,166.27,162.28,165.11,1402198.0,0.0
20260527103000000,167.3,169.52,164.0,169.43,2817312.0,0.0
20260527113000000,169.43,170.36,166.17,166.67,1515800.0,0.0
20260527140000000,166.67,168.68,163.33,163.74,1468110.0,0.0
20260527150000000,163.98,165.41,163.1,164.43,1201740.0,0.0
20260528103000000,165.14,165.8,158.88,159.84,1964534.0,0.0
20260528113000000,159.84,161.31,158.7,161.0,904885.0,0.0
20260528140000000,160.85,161.49,158.8,160.01,1064800.0,0.0
20260528150000000,160.01,160.51,159.51,160.11,1288600.0,0.0
20260529103000000,160.0,161.89,153.12,154.25,2551300.0,0.0
20260529113000000,154.63,156.0,153.39,153.44,929900.0,0.0
20260529140000000,153.57,154.69,150.0,150.16,1914891.0,0.0
20260529150000000,150.18,151.5,149.91,151.2,1189400.0,0.0
20260601103000000,149.96,152.5,147.8,151.24,1743800.0,0.0
20260601113000000,151.13,151.21,148.09,149.45,780000.0,0.0
20260601140000000,149.45,150.59,147.82,148.4,854900.0,0.0
20260601150000000,148.64,148.66,146.0,146.56,974695.0000000001,0.0
20260602103000000,146.74,148.76,144.21,148.0,1643780.0,0.0
20260602113000000,148.01,150.88,148.01,150.88,994340.0,0.0
20260602140000000,150.9,152.31,149.53,149.92,830700.0,0.0
20260602150000000,149.97,150.2,149.0,149.65,756632.0,0.0
20260603103000000,149.63,155.03,148.0,152.44,2273128.0,0.0
20260603113000000,152.39,154.01,152.11,152.48,1085700.0,0.0
20260603140000000,152.39,152.96,151.24,151.4,798100.0,0.0
20260603150000000,151.39,152.18,148.7,150.64,892615.0,0.0
20260604103000000,149.0,156.1,148.0,155.01,2821300.0,0.0
20260604113000000,155.0,156.87,154.53,154.91,1450300.0,0.0
20260604140000000,154.91,157.0,154.62,155.65,1355500.0,0.0
20260604150000000,155.57,156.78,154.4,156.0,1778184.0,0.0
20260605103000000,159.0,160.05,154.0,158.59,2922848.0,0.0
20260605113000000,158.39,161.12,156.59,158.37,1419500.0,0.0
20260605140000000,158.73,171.32,157.16,167.09,5205800.0,0.0
20260605150000000,167.51,170.59,164.3,170.09,2984400.0,0.0
20260608103000000,166.25,187.1,166.25,187.1,6898295.0,0.0
20260608113000000,187.1,187.1,187.1,187.1,236200.0,0.0
20260608140000000,187.1,187.1,183.17,187.1,2625100.0,0.0
20260608150000000,187.1,187.1,187.1,187.1,354800.0,0.0
20260609103000000,199.94,205.81,199.94,205.81,2491636.0,0.0
20260609113000000,205.81,205.81,205.81,205.81,71100.0,0.0
20260609140000000,205.81,205.81,205.81,205.81,571950.0,0.0
20260609150000000,205.81,205.81,205.81,205.81,148700.0,0.0
20260610103000000,205.0,226.39,205.0,226.39,7905028.0,0.0
20260610113000000,226.39,226.39,218.42,220.18,3790800.0,0.0
20260610140000000,220.0,224.79,218.64,221.27,3798180.0000000005,0.0
20260610150000000,221.26,224.79,220.52,222.06,2423843.0,0.0
20260611103000000,227.62,236.87,223.2,230.5,5570268.0,0.0
20260611113000000,230.76,232.52,227.0,227.85,1629200.0,0.0
20260611140000000,227.86,231.8,226.61,228.66,1727400.0,0.0
20260611150000000,228.7,232.05,227.65,230.86,1631104.0,0.0
20260612103000000,242.8,245.8,230.87,231.05,4645272.0,0.0
20260612113000000,231.02,231.79,223.18,223.19,2643064.0,0.0
20260612140000000,223.2,223.62,217.95,218.51,1961708.0000000002,0.0
20260612150000000,218.51,219.74,215.49,218.08,2118825.0,0.0
20260615103000000,220.01,224.27,210.01,219.17,4646504.0,0.0
20260615113000000,219.17,221.99,215.24,220.87,1738616.9999999998,0.0
20260615140000000,220.87,223.13,214.34,214.91,1901596.0,0.0
20260615150000000,214.9,216.06,214.0,215.39,1643132.0,0.0
20260616103000000,215.39,219.07,207.17,213.38,4021011.0,0.0
20260616113000000,213.13,216.47,212.53,213.4,1272749.0,0.0
20260616140000000,213.4,213.66,208.64,209.47,1567654.0,0.0
20260616150000000,209.47,212.2,209.0,211.07,1580966.0,0.0
20260617103000000,207.0,212.52,206.31,209.7,2682364.0,0.0
20260617113000000,209.58,213.88,207.71,212.99,1254030.0,0.0
20260617140000000,213.42,232.18,211.75,232.18,5636731.0,0.0
20260617150000000,232.18,232.18,232.18,232.18,402730.0,0.0
20260618103000000,235.0,247.65,213.01,215.8,8050373.0,0.0
20260618113000000,215.7,221.65,215.6,218.44,1855970.0,0.0
20260618140000000,218.78,219.99,214.62,217.06,1746409.0,0.0
20260618150000000,217.05,217.24,213.86,215.52,2422196.0,0.0
20260622103000000,214.88,222.0,208.0,208.01,4715738.0,0.0
20260622113000000,208.02,210.01,205.06,207.52,1712655.0,0.0
20260622140000000,207.73,213.04,207.53,211.44,1267673.0,0.0
20260622150000000,211.47,214.7,211.25,213.72,1639243.9999999998,0.0
20260623103000000,208.99,213.78,203.83,210.48,2337716.0,0.0
20260623113000000,210.71,214.64,209.19,213.12,1387165.0,0.0
20260623140000000,213.14,214.0,210.68,212.03,1118152.0,0.0
20260623150000000,212.03,212.7,209.5,210.8,1162767.0,0.0
20260624103000000,209.0,231.88,209.0,231.88,5389327.0,0.0
20260624113000000,231.88,231.88,231.88,231.88,834554.0000000001,0.0
20260624140000000,231.88,231.88,231.88,231.88,119500.0,0.0
20260624150000000,231.88,231.88,231.88,231.88,68227.0,0.0
20260625103000000,255.07,255.07,249.05,255.07,2548491.0,0.0
20260625113000000,255.07,255.07,255.07,255.07,42400.0,0.0
20260625140000000,255.07,255.07,255.07,255.07,40900.0,0.0
20260625150000000,255.07,255.07,255.07,255.07,42000.0,0.0
20260626103000000,256.0,270.2,248.58,259.8,7686164.0,0.0
20260626113000000,259.65,261.75,254.25,259.18,2250900.0,0.0
20260626140000000,259.28,269.0,258.02,265.76,1944855.0,0.0
20260626150000000,265.75,265.75,257.0,260.85,2148044.0,0.0
20260629103000000,272.03,282.98,263.09,269.16,9009517.0,0.0
20260629113000000,269.18,270.04,262.32,267.31,1995646.0,0.0
20260629140000000,267.4,278.59,264.01,276.51,2377182.0,0.0
20260629150000000,276.52,278.25,270.16,276.2,1829468.9999999998,0.0
20260630103000000,276.18,284.8,268.78,275.06,4475443.0,0.0
20260630113000000,275.37,276.51,265.02,265.25,3093002.0,0.0
20260630140000000,265.28,269.57,263.98,265.96,1985854.0,0.0
20260630150000000,265.96,272.02,265.94,272.02,1763728.0,0.0
20260701103000000,269.3,270.58,260.04,263.36,4319350.0,0.0
20260701113000000,263.47,263.47,257.8,263.21,2042282.0,0.0
20260701140000000,263.21,264.35,258.69,259.9,997900.0,0.0
20260701150000000,259.88,261.49,256.66,257.81,1626826.0,0.0
20260702103000000,247.0,249.8,242.35,246.71,3280994.0,0.0
20260702113000000,246.71,249.97,244.0,244.53,1040200.0,0.0
20260702140000000,244.53,245.0,235.74,236.9,2248485.0,0.0
20260702150000000,236.98,239.2,232.18,234.62,2029499.0000000002,0.0
20260703103000000,229.52,233.84,223.6,228.16,2910000.0,0.0
20260703113000000,228.64,244.55,227.28,239.19,2564283.0,0.0
20260703140000000,239.19,248.29,238.75,239.5,1291200.0,0.0
20260703150000000,239.0,242.27,235.61,235.89,1278283.0,0.0
20260706103000000,240.05,240.05,222.6,223.0,2633900.0,0.0
20260706113000000,223.3,234.32,219.1,233.3,1573000.0,0.0
20260706140000000,233.9,233.93,229.8,231.97,886200.0,0.0
20260706150000000,231.52,232.29,227.8,227.8,773127.0,0.0
20260707103000000,224.61,227.5,220.89,223.23,1565000.0,0.0
20260707113000000,222.96,234.15,222.23,227.46,1890400.0,0.0
20260707140000000,226.0,226.9,220.66,223.78,1013600.0,0.0
20260707150000000,223.78,224.01,221.54,222.19,852806.0,0.0
20260708103000000,228.88,233.66,218.43,223.63,2341227.0,0.0
20260708113000000,223.89,230.19,223.89,228.65,1312000.0,0.0
20260708140000000,227.9,227.9,222.04,223.43,869700.0,0.0
20260708150000000,223.08,223.12,219.23,219.29,1090312.0,0.0
20260709103000000,216.84,222.23,202.24,203.6,5323102.0,0.0
20260709113000000,204.41,205.0,200.99,202.56,2174300.0,0.0
20260709140000000,202.5,208.33,201.3,208.32,1710350.0,0.0
20260709150000000,208.0,209.67,205.88,209.58,2873000.0,0.0
20260710103000000,216.0,230.54,216.0,230.54,3412255.0000000005,0.0
20260710113000000,230.54,230.54,230.54,230.54,112100.0,0.0
20260710140000000,230.54,230.54,217.57,219.99,3704381.0,0.0
20260710150000000,219.53,220.66,214.58,214.58,2830951.0,0.0
20260713103000000,201.83,224.47,201.83,222.4,5581300.0,0.0
20260713113000000,222.29,222.71,215.08,217.35,1739100.0,0.0
20260713140000000,217.56,219.49,210.69,211.01,1391800.0,0.0
20260713150000000,211.16,211.34,206.98,207.9,1381410.0,0.0
20260714103000000,212.99,218.88,203.0,213.28,3773355.0000000005,0.0
20260714113000000,213.11,214.44,205.34,207.84,1537100.0,0.0
20260714140000000,208.8,223.27,208.8,216.19,2987900.0,0.0
20260714150000000,216.12,219.3,214.01,219.3,1397319.0,0.0
20260715103000000,223.44,224.46,201.25,209.0,4647437.0,0.0
20260715113000000,208.97,209.61,197.99,199.48,2187400.0,0.0
20260715140000000,199.32,206.49,197.48,203.3,1578355.0,0.0
20260715150000000,202.99,204.37,202.0,202.57,1140094.0,0.0
20260716103000000,195.22,200.46,192.26,196.8,2406546.0,0.0
20260716113000000,196.8,198.24,193.0,194.73,1043500.0,0.0
20260716140000000,194.41,195.0,188.48,188.8,1429955.0,0.0
20260716150000000,188.87,190.5,185.25,188.29,1647102.0,0.0
20260717103000000,184.29,189.11,178.79,182.52,2470331.0,0.0
20260717113000000,182.76,185.0,179.4,181.64,952200.0,0.0
20260717140000000,181.64,181.64,172.0,174.3,1394000.0,0.0
20260717150000000,174.4,179.25,171.0,171.3,1630600.0,0.0
20260720103000000,177.0,177.39,163.81,164.65,2784100.0,0.0
20260720113000000,164.94,169.81,161.06,163.8,1026956.0,0.0
20260720140000000,163.8,164.51,154.17,154.17,2191800.0,0.0
20260720150000000,154.17,155.7,154.17,154.17,1197900.0,0.0
20260721103000000,158.84,163.68,147.06,152.84,4774517.0,0.0
20260721113000000,152.91,168.05,152.59,166.49,2883500.0,0.0
20260721140000000,166.49,169.59,166.22,169.59,815364.0,0.0
20260721150000000,169.59,169.59,169.59,169.59,174020.0,0.0
20260722103000000,169.0,177.86,168.69,173.29,4803338.0,0.0
20260722113000000,173.01,174.44,169.08,174.17,1680700.0,0.0
20260722140000000,174.0,174.31,167.08,167.29,1354500.0,0.0
20260722150000000,167.31,169.5,166.0,168.0,1111527.0,0.0
20260723103000000,170.8,171.97,164.0,164.59,2698391.0,0.0
20260723113000000,164.63,166.83,161.69,164.5,983900.0,0.0
20260723140000000,164.04,166.5,163.51,163.91,745600.0,0.0
20260723150000000,163.91,164.11,162.76,163.35,882090.0,0.0
20260724103000000,160.02,172.14,158.92,166.94,3224291.0,0.0
20260724113000000,166.95,166.95,163.2,165.45,677600.0,0.0
20260724140000000,165.47,169.99,164.58,165.19,1249428.0,0.0
20260724150000000,165.0,166.66,164.74,165.5,997027.0,0.0
20260727103000000,164.38,177.88,163.0,174.09,4553500.0,0.0
20260727113000000,174.08,174.5,170.2,172.67,1215500.0,0.0
20260727140000000,172.67,173.27,169.16,171.02,932100.0,0.0
20260727150000000,171.01,178.07,170.59,177.44,1957100.0,0.0
20260728103000000,172.05,178.58,170.12,170.42,2987091.0,0.0
20260728113000000,170.51,171.1,165.0,166.07,1358900.0,0.0
20260728140000000,166.07,166.59,162.62,163.01,1048200.0,0.0
20260728150000000,163.01,163.5,160.56,162.51,1154127.0,0.0
20260729103000000,165.76,171.54,156.51,160.71,4447700.0,0.0
20260729113000000,160.69,161.46,152.73,153.3,1688000.0,0.0
20260729140000000,153.3,162.29,152.08,159.49,1673800.0,0.0
20260729150000000,159.4,161.25,157.99,161.24,1030495.0000000001,0.0
20260730103000000,158.26,158.93,146.99,146.99,4831671.0,0.0
20260730113000000,147.25,147.77,145.12,145.12,1317300.0,0.0
20260730140000000,145.12,147.48,145.12,145.12,934900.0,0.0
20260730150000000,145.12,146.29,145.12,145.12,561200.0,0.0
20260731103000000,156.72,159.63,155.01,157.61,4839688.0,0.0
20260731113000000,157.61,157.99,152.12,154.68,2021000.0,0.0
20260731140000000,154.79,156.3,152.23,152.57,879100.0,0.0
20260731150000000,152.56,152.84,148.08,148.59,1691500.0,0.0
20260803103000000,148.0,148.0,137.41,137.5,4017771.0,0.0
20260803113000000,137.41,140.2,136.9,138.8,1385000.0,0.0
20260803140000000,138.77,140.2,136.82,136.83,1004300.0,0.0
20260803150000000,136.8,137.8,135.5,136.82,2146899.0,0.0
20260804103000000,138.29,143.48,135.32,142.25,3471448.0000000005,0.0
20260804113000000,142.26,146.28,142.05,145.71,1321915.0,0.0
20260804140000000,145.71,147.5,145.66,146.88,1287243.0,0.0
20260804150000000,146.88,148.37,146.09,146.64,1664200.0,0.0
20260805103000000,146.54,155.78,146.22,152.27,3633600.0,0.0
20260805113000000,152.08,157.25,151.01,156.5,1169300.0,0.0
20260805140000000,156.5,161.3,156.26,161.3,1843100.0,0.0
20260805150000000,161.3,161.3,158.04,159.28,2255963.0,0.0
20260806103000000,155.01,164.59,155.01,163.73,3598726.9999999995,0.0
20260806113000000,163.73,166.85,159.91,161.45,2106654.0,0.0
20260806140000000,161.46,162.98,160.77,161.71,914100.0,0.0
20260806150000000,161.8,162.93,160.37,162.35,965500.0,0.0
20260807103000000,161.72,164.31,160.19,163.62,2442300.0,0.0
20260807113000000,163.63,166.8,163.42,164.95,1821297.0,0.0
20260807140000000,164.99,168.11,164.72,166.07,1327000.0,0.0
20260807150000000,166.11,166.43,164.0,164.8,1466300.0,0.0
20260810103000000,166.0,166.59,158.79,160.8,3119700.0,0.0
20260810113000000,160.84,163.7,160.06,161.69,838600.0,0.0
20260810140000000,161.69,161.7,158.37,159.3,1293800.0,0.0
20260810150000000,159.27,163.0,159.25,162.85,1043195.9999999999,0.0
20260811103000000,162.82,167.73,161.4,165.49,2453700.0,0.0
20260811113000000,165.48,168.48,165.02,166.2,1213900.0,0.0
20260811140000000,166.2,166.29,164.3,164.81,519100.0,0.0
20260811150000000,164.71,164.71,162.8,163.37,844400.0,0.0
20260812103000000,164.99,166.5,161.86,164.11,1920100.0,0.0
20260812113000000,164.11,167.5,164.01,167.28,1276700.0,0.0
20260812140000000,167.13,169.98,165.4,165.43,1555800.0,0.0
20260812150000000,165.41,166.5,165.04,166.38,795151.0,0.0
20260813103000000,169.01,170.58,164.15,169.62,3324308.0,0.0
20260813113000000,169.53,169.68,166.08,166.94,861900.0,0.0
20260813140000000,166.74,167.99,164.94,164.97,776100.0,0.0
20260813150000000,164.94,165.98,161.5,161.52,1466900.0,0.0
20260814103000000,163.58,164.98,160.41,162.0,2169000.0,0.0
20260814113000000,162.0,163.3,159.26,161.16,1056000.0,0.0
20260814140000000,161.35,162.42,159.4,162.39,746382.0,0.0
20260814150000000,162.42,162.82,161.21,162.7,949900.0,0.0
20260817103000000,166.99,178.97,166.99,178.97,3671224.0,0.0
20260817113000000,178.97,178.97,178.97,178.97,89500.0,0.0
20260817140000000,178.97,178.97,178.97,178.97,62700.0,0.0
20260817150000000,178.97,178.97,178.97,178.97,51800.0,0.0
20260818103000000,188.0,189.41,181.27,181.82,7502500.0,0.0
20260818113000000,181.88,183.85,178.77,183.0,1723500.0,0.0
20260818140000000,183.01,183.67,179.95,182.6,1329390.0,0.0
20260818150000000,182.58,184.48,181.38,182.95,1324816.0,0.0
20260819103000000,175.18,179.77,170.9,172.5,4329847.0,0.0
20260819113000000,172.5,173.85,170.0,172.48,1459800.0,0.0
20260819140000000,171.5,172.48,168.02,168.39,1337900.0,0.0
20260819150000000,168.38,168.55,165.64,167.47,1390500.0,0.0
20260820103000000,170.65,170.91,165.46,168.66,2240200.0,0.0
20260820113000000,168.6,169.69,166.38,167.65,815000.0,0.0
20260820140000000,167.66,168.88,164.34,167.46,1457200.0,0.0
20260820150000000,167.46,169.54,167.1,168.67,1377855.0,0.0
20260821103000000,166.65,171.25,164.45,168.0,2406100.0,0.0
20260821113000000,168.01,168.96,166.2,166.75,655700.0,0.0
20260821140000000,166.75,167.4,165.41,166.0,562762.0,0.0
20260821150000000,165.89,167.53,165.24,166.99,877194.0,0.0
20260824103000000,166.18,167.98,160.62,165.75,2307000.0,0.0
20260824113000000,165.75,167.14,163.01,164.76,823969.0,0.0
20260824140000000,164.75,165.15,162.1,162.69,487200.0,0.0
20260824150000000,162.51,165.88,162.2,165.82,729255.0,0.0
20260825103000000,160.39,163.77,156.7,159.8,2378600.0,0.0
20260825113000000,159.79,160.15,156.7,158.83,1214500.0,0.0
20260825140000000,159.1,164.2,159.0,160.82,1301400.0,0.0
20260825150000000,160.82,161.79,160.56,160.91,628100.0,0.0
20260826103000000,162.0,162.78,158.7,160.18,1481400.0,0.0
20260826113000000,160.18,163.76,160.18,162.81,1108700.0,0.0
20260826140000000,162.81,163.64,161.41,161.73,502100.0,0.0
20260826150000000,161.88,162.68,161.15,161.98,715600.0,0.0
20260827103000000,163.0,165.17,159.62,164.25,1868000.0,0.0
20260827113000000,164.26,168.9,164.0,168.66,1456500.0,0.0
20260827140000000,168.66,168.66,165.21,166.43,1021400.0,0.0
20260827150000000,166.47,168.5,166.41,168.06,889298.0,0.0
20260828103000000,166.41,171.97,166.0,168.66,2415627.0,0.0
20260828113000000,168.42,168.42,165.34,165.94,890400.0,0.0
20260828140000000,165.94,166.41,164.5,165.85,688900.0,0.0
20260828150000000,165.85,166.52,164.58,164.68,668191.0,0.0
20260831103000000,159.0,163.0,159.0,161.07,1512600.0,0.0
20260831113000000,161.06,161.5,159.19,160.95,570400.0,0.0
20260831140000000,161.0,163.6,161.0,162.75,842800.0,0.0
20260831150000000,162.77,165.75,162.3,165.31,891200.0,0.0
